timestamp,close,signal,returns,equity
2022-10-01,19302.5,0,0.0,100000.0
2022-10-02,19054.0,0,-0.0,100000.0
2022-10-03,19617.5,0,0.0,100000.0
2022-10-04,20326.5,0,0.0,100000.0
2022-10-05,20149.0,0,-0.0,100000.0
2022-10-06,19954.5,0,-0.0,100000.0
2022-10-07,19517.5,0,-0.0,100000.0
2022-10-08,19405.0,0,-0.0,100000.0
2022-10-09,19436.5,0,0.0,100000.0
2022-10-10,19122.5,0,-0.0,100000.0
2022-10-11,19052.5,0,-0.0,100000.0
2022-10-12,19148.0,0,0.0,100000.0
2022-10-13,19366.0,0,0.0,100000.0
2022-10-14,19171.5,0,-0.0,100000.0
2022-10-15,19063.0,0,-0.0,100000.0
2022-10-16,19252.5,0,0.0,100000.0
2022-10-17,19540.0,0,0.0,100000.0
2022-10-18,19320.5,0,-0.0,100000.0
2022-10-19,19121.5,0,-0.0,100000.0
2022-10-20,19041.5,0,-0.0,100000.0
2022-10-21,19153.0,0,0.0,100000.0
2022-10-22,19189.5,0,0.0,100000.0
2022-10-23,19559.0,0,0.0,100000.0
2022-10-24,19317.0,0,-0.0,100000.0
2022-10-25,20067.0,0,0.0,100000.0
2022-10-26,20756.0,0,0.0,100000.0
2022-10-27,20283.0,0,-0.0,100000.0
2022-10-28,20585.0,0,0.0,100000.0
2022-10-29,20795.0,0,0.0,100000.0
2022-10-30,20613.5,0,-0.0,100000.0
2022-10-31,20480.0,0,-0.0,100000.0
2022-11-01,20472.5,0,-0.0,100000.0
2022-11-02,20143.5,0,-0.0,100000.0
2022-11-03,20199.5,0,0.0,100000.0
2022-11-04,21132.0,0,0.0,100000.0
2022-11-05,21290.5,0,0.0,100000.0
2022-11-06,20904.0,0,-0.0,100000.0
2022-11-07,20582.5,0,-0.0,100000.0
2022-11-08,18537.0,0,-0.0,100000.0
2022-11-09,15891.5,0,-0.0,100000.0
2022-11-10,17594.0,0,0.0,100000.0
2022-11-11,17052.0,0,-0.0,100000.0
2022-11-12,16804.0,0,-0.0,100000.0
2022-11-13,16330.5,0,-0.0,100000.0
2022-11-14,16607.5,0,0.0,100000.0
2022-11-15,16878.0,0,0.0,100000.0
2022-11-16,16643.0,0,-0.0,100000.0
2022-11-17,16688.5,0,0.0,100000.0
2022-11-18,16700.0,0,0.0,100000.0
2022-11-19,16688.0,0,-0.0,100000.0
2022-11-20,16273.5,0,-0.0,100000.0
2022-11-21,15765.5,0,-0.0,100000.0
2022-11-22,16218.5,0,0.0,100000.0
2022-11-23,16589.0,0,0.0,100000.0
2022-11-24,16594.5,0,0.0,100000.0
2022-11-25,16510.5,0,-0.0,100000.0
2022-11-26,16449.0,0,-0.0,100000.0
2022-11-27,16426.0,0,-0.0,100000.0
2022-11-28,16206.0,0,-0.0,100000.0
2022-11-29,16427.0,0,0.0,100000.0
2022-11-30,17146.5,0,0.0,100000.0
2022-12-01,16972.5,0,-0.0,100000.0
2022-12-02,17083.5,0,0.0,100000.0
2022-12-03,16881.0,0,-0.0,100000.0
2022-12-04,17096.0,0,0.0,100000.0
2022-12-05,16966.0,0,-0.0,100000.0
2022-12-06,17081.5,0,0.0,100000.0
2022-12-07,16823.0,0,-0.0,100000.0
2022-12-08,17209.5,0,0.0,100000.0
2022-12-09,17116.0,0,-0.0,100000.0
2022-12-10,17121.0,0,0.0,100000.0
2022-12-11,17078.0,0,-0.0,100000.0
2022-12-12,17194.0,0,0.0,100000.0
2022-12-13,17764.5,0,0.0,100000.0
2022-12-14,17790.0,0,0.0,100000.0
2022-12-15,17353.5,0,-0.0,100000.0
2022-12-16,16634.0,0,-0.0,100000.0
2022-12-17,16770.5,0,0.0,100000.0
2022-12-18,16729.5,0,-0.0,100000.0
2022-12-19,16432.5,0,-0.0,100000.0
2022-12-20,16890.0,0,0.0,100000.0
2022-12-21,16822.0,0,-0.0,100000.0
2022-12-22,16832.5,0,0.0,100000.0
2022-12-23,16785.0,0,-0.0,100000.0
2022-12-24,16828.5,0,0.0,100000.0
2022-12-25,16825.0,0,-0.0,100000.0
2022-12-26,16911.0,0,0.0,100000.0
2022-12-27,16709.0,0,-0.0,100000.0
2022-12-28,16546.5,0,-0.0,100000.0
2022-12-29,16642.0,0,0.0,100000.0
2022-12-30,16620.5,0,-0.0,100000.0
2022-12-31,16549.5,0,-0.0,100000.0
2023-01-01,16622.5,0,0.0,100000.0
2023-01-02,16668.0,0,0.0,100000.0
2023-01-03,16670.0,0,0.0,100000.0
2023-01-04,16847.5,0,0.0,100000.0
2023-01-05,16826.0,0,-0.0,100000.0
2023-01-06,16940.0,0,0.0,100000.0
2023-01-07,16938.0,0,-0.0,100000.0
2023-01-08,17119.5,0,0.0,100000.0
2023-01-09,17173.5,1,-0.0025,99750.0
2023-01-10,17430.5,1,0.014964916877747703,101242.75045855533
2023-01-11,17929.0,1,0.028599294340380332,104138.22167874922
2023-01-12,18820.0,1,0.049696023202632666,109313.47715957725
2023-01-13,19909.0,1,0.05786397449521785,115638.78941392261
2023-01-14,20952.5,1,0.05241348134009738,121699.8209450607
2023-01-15,20878.0,1,-0.0035556616155589804,121267.09756310594
2023-01-16,21179.0,1,0.014417089759555468,123015.416193554
2023-01-17,21118.0,1,-0.0028802115302893894,122661.10577343
2023-01-18,20674.0,1,-0.021024718249834318,120082.1905843305
2023-01-19,21058.5,1,0.018598239334429723,122315.50790462046
2023-01-20,22656.5,1,0.07588384737754361,131597.27923836143
2023-01-21,22781.5,1,0.005517180500077323,132323.32518123853
2023-01-22,22703.5,1,-0.0034238307398547496,131870.2725128832
2023-01-23,22908.5,1,0.009029444799260045,133060.98785920168
2023-01-24,22631.0,1,-0.012113407687103006,131449.1658660145
2023-01-25,23056.5,1,0.01880164376297988,133920.62625556815
2023-01-26,23005.5,1,-0.002211957582460511,133624.39951087427
2023-01-27,23066.0,1,0.002629805915976613,133975.8057472268
2023-01-28,23022.0,1,-0.0019075695829359196,133720.23757533406
2023-01-29,23737.5,1,0.031078967943706015,137876.12455236263
2023-01-30,22830.5,1,-0.03820958399157448,132607.93519084636
2023-01-31,23130.0,1,0.01311841615382936,134347.5412699799
2023-02-01,23729.5,1,0.02591872027669684,137829.6576120185
2023-02-02,23495.5,1,-0.009861143302640207,136470.49960695254
2023-02-03,23433.5,1,-0.002638803175076032,136110.3808192855
2023-02-04,23323.5,1,-0.004694134465615507,135471.46038955366
2023-02-05,22934.0,1,-0.01669989495573132,133209.1012315486
2023-02-06,22763.5,1,-0.007434376907648033,132218.7745654642
2023-02-07,23244.5,1,0.02113031827267342,135012.59935365533
2023-02-08,22959.0,1,-0.012282475424293948,133354.310420124
2023-02-09,21802.0,1,-0.050394180931225274,126634.0291728535
2023-02-10,21624.2,1,-0.008155215117879089,125601.3014237051
2023-02-11,21847.1,1,0.010307895783427723,126895.98654904353
2023-02-12,21776.9,1,-0.0032132411166697628,126488.23914752377
2023-02-13,21768.0,1,-0.00040868994209464216,126436.54467639091
2023-02-14,22184.1,1,0.019115214994487317,128853.40641104024
2023-02-15,24330.3,1,0.09674496598915439,141319.32483186302
2023-02-16,23515.5,1,-0.03348910617624934,136586.6669578129
2023-02-17,24578.0,1,0.045182964427717964,142758.0574722683
2023-02-18,24637.9,1,0.0024371389047115333,143105.97868809503
2023-02-19,24266.9,1,-0.015058101542745117,140951.07432963577
2023-02-20,24853.5,1,0.02417284449187984,144358.26273036946
2023-02-21,24455.5,1,-0.01601384110889814,142046.53244824873
2023-02-22,24180.2,1,-0.01125718141113452,140447.48886365618
2023-02-23,23936.4,1,-0.010082629589498793,139031.40885666868
2023-02-24,23185.1,1,-0.031387343125950595,134667.5823216001
2023-02-25,23154.8,1,-0.0013068738111976508,134491.5887850467
2023-02-26,23548.3,1,0.01699431651320671,136777.18141322385
2023-02-27,23484.1,1,-0.0027263114534807897,136404.28421696214
2023-02-28,23129.9,1,-0.015082545211440812,134346.96043322558
2023-03-01,23630.0,1,0.021621364554105238,137251.7250414883
2023-03-02,23462.5,1,-0.00708844688954724,136278.82347803298
2023-03-03,22345.8,1,-0.04759509856153443,129792.61944274604
2023-03-04,22336.6,1,-0.00041171047803167937,129739.1824613503
2023-03-05,22419.0,1,0.0036890126518809296,130217.79194689491
2023-03-06,22398.5,1,-0.000914402961773475,130098.72041226306
2023-03-07,22188.9,1,-0.009357769493492762,128881.28657524676
2023-03-08,21702.0,1,-0.0219434041344998,126053.19241855184
2023-03-09,20355.6,1,-0.06204036494332321,118232.80635863394
2023-03-10,20141.4,1,-0.010522902788421717,116988.65403091973
2023-03-11,20450.1,1,0.015326640650600076,118781.69709144901
2023-03-12,21978.9,1,0.07475758064752758,127661.5293912132
2023-03-13,24112.2,1,0.09706127240216755,140052.51987073105
2023-03-14,24684.7,1,0.023743167359262074,143377.81028910822
2023-03-15,24284.9,1,-0.01619626732348378,141055.62494541006
2023-03-16,24989.2,1,0.029001560640562696,145146.45820595685
2023-03-17,27382.2,1,0.09576136891136966,159045.88173639617
2023-03-18,26898.2,1,-0.01767571634127285,156234.631845576
2023-03-19,27962.1,1,0.039552832531544846,162414.15407459164
2023-03-20,27703.6,1,-0.009244656159587472,160912.69106472176
2023-03-21,28090.0,1,0.013947645793326524,163157.04428334348
2023-03-22,27233.8,1,-0.030480598077607723,158183.91999301245
2023-03-23,28278.0,1,0.03834206023397391,164249.01738143063
2023-03-24,27437.2,1,-0.029733361623877186,159365.34195126206
2023-03-25,27444.9,1,0.000280640881722638,159410.0663813433
2023-03-26,27951.6,1,0.01846244657477336,162353.16621538994
2023-03-27,27108.3,1,-0.03017000815695703,157454.96986636383
2023-03-28,27243.5,1,0.004987402382296224,158240.2611581797
2023-03-29,28330.0,1,0.03988107254941542,164551.0524936675
2023-03-30,28008.1,1,-0.011362513236851446,162681.33898157038
2023-03-31,28452.1,1,0.01585255693888543,165260.25417066985
2023-04-01,28435.1,1,-0.0005974954397038879,165161.51192243857
2023-04-02,28155.9,1,-0.009818850645856636,163539.81570442827
2023-04-03,27788.7,1,-0.013041671550190204,161406.9831426325
2023-04-04,28149.7,1,0.0129908919812729,163503.80382566157
2023-04-05,28154.7,1,0.0001776217863778129,163532.84566337665
2023-04-06,28022.1,1,-0.004709693230615208,162762.6561271726
2023-04-07,27884.2,1,-0.00492111583357413,161961.6822429906
2023-04-08,27929.7,1,0.0016317484453560738,162225.96296619784
2023-04-09,28309.7,1,0.013605588316380146,164433.14263254427
2023-04-10,29628.1,1,0.04657061007357899,172090.89440125768
2023-04-11,30179.0,1,0.01859383490672717,175290.7240807057
2023-04-12,29871.0,1,-0.010205772225719834,173501.74687745652
2023-04-13,30366.2,1,0.016577951859663154,176378.05048475845
2023-04-14,30438.2,1,0.0023710572939650287,176796.25294785568
2023-04-15,30293.7,1,-0.0047473240861811705,175956.94383788976
2023-04-16,30295.9,1,7.262236042482328e-05,175969.7222464844
2023-04-17,29421.8,1,-0.02885208889651747,170892.62817713333
2023-04-18,30382.5,1,0.03265265891277891,176472.7268757096
2023-04-19,28797.1,1,-0.05218135439809102,167264.14097301068
2023-04-20,28235.6,1,-0.019498491167513343,164002.74259760673
2023-04-21,27253.2,1,-0.034792956409638864,158296.60232334698
2023-04-22,27799.2,1,0.02003434459072695,161467.97100183417
2023-04-23,27572.8,1,-0.008144119255230398,160152.95659009513
2023-04-24,27493.1,1,-0.0028905297974816113,159690.0296969167
2023-04-25,28277.3,1,0.028523520446948503,164244.95152415053
2023-04-26,28401.9,1,0.004406361286261484,164968.67412001043
2023-04-27,29458.2,1,0.037191173829919766,171104.05275569914
2023-04-28,29296.1,1,-0.005502712317792757,170162.51637697607
2023-04-29,29211.9,1,-0.0028741026962632032,169673.45182985408
2023-04-30,29217.0,1,0.00017458638431588902,169703.07450432345
2023-05-01,28051.2,1,-0.03990142725125778,162931.67962267442
2023-05-02,28655.1,1,0.021528490759753494,166439.35278190227
2023-05-03,29014.0,1,0.012524821061521418,168523.97589309103
2023-05-04,28818.9,1,-0.006724339973805726,167390.76338544846
2023-05-05,29495.2,1,0.02346723851361432,171318.96235479074
2023-05-06,28833.3,1,-0.022440939542705318,167474.40387806788
2023-05-07,28413.9,1,-0.014545681555701129,165038.3745305266
2023-05-08,27653.4,1,-0.02676506920908428,160621.11101406228
2023-05-09,27618.3,1,-0.0012692833430971717,160417.23731330238
2023-05-10,27577.3,1,-0.0014845229431210694,160179.0942440387
2023-05-11,26955.1,1,-0.02256203471695928,156565.1279587736
2023-05-12,26779.3,1,-0.006521956883854929,155544.01694471124
2023-05-13,26767.1,1,-0.00045557576187582605,155473.15486068645
2023-05-14,26903.0,1,0.005077128265669417,156262.51200978243
2023-05-15,27148.4,1,0.009121659294502482,157687.88540483874
2023-05-16,27020.4,1,-0.0047148266564511765,156944.4143593326
2023-05-17,27388.8,1,0.013634143091886042,159084.21696217998
2023-05-18,26803.6,1,-0.021366397943685,155685.16027600653
2023-05-19,26868.8,1,0.0024325090659464976,156063.86583981125
2023-05-20,27089.1,1,0.008199100815815985,157343.44920953785
2023-05-21,26734.3,1,-0.013097518928277374,155282.64040527545
2023-05-22,26834.7,1,0.003755475176084655,155865.80050659436
2023-05-23,27209.9,1,0.013981896574211783,158045.1000087343
2023-05-24,26311.0,1,-0.033035770068982284,152823.95842431643
2023-05-25,26456.6,1,0.0055338071529018595,153669.65673857968
2023-05-26,26695.0,1,0.00901098402667011,155054.3715608349
2023-05-27,26838.5,1,0.005375538490353993,155887.8723032578
2023-05-28,28049.9,1,0.04513665070700679,162924.12874486845
2023-05-29,27722.0,1,-0.011689881247348488,161019.56502751322
2023-05-30,27681.2,1,-0.00147175528461152,160782.5836317581
2023-05-31,27199.0,1,-0.01741976503908793,157981.7888025154
2023-06-01,26809.5,1,-0.01432037942571418,155719.42964451032
2023-06-02,27238.1,1,0.01598687032581725,158208.89597344733
2023-06-03,27059.1,1,-0.00657167717278373,157169.19818324732
2023-06-04,27105.5,1,0.0017147650882698429,157438.70643724332
2023-06-05,25717.2,1,-0.05121838741214879,149374.94977727302
2023-06-06,27216.9,1,0.058315057626802336,158085.7585815354
2023-06-07,26323.4,1,-0.03282886735814883,152895.98218184983
2023-06-08,26485.1,1,0.006142823495445038,153835.19521355565
2023-06-09,26466.9,1,-0.0006871788288508318,153729.48292427274
2023-06-10,25826.1,1,-0.0242113734513677,150007.48100270753
2023-06-11,25915.1,1,0.003446126205660205,150524.42571403604
2023-06-12,25895.3,1,-0.0007640333242009412,150409.42003668429
2023-06-13,25920.5,1,0.00097314956768213,150555.79089876832
2023-06-14,25113.9,1,-0.031118226886055367,145870.76163857093
2023-06-15,25585.9,1,0.01879437283735297,148612.31111887487
2023-06-16,26325.2,1,0.028894820975615465,152906.43724342724
2023-06-17,26505.0,1,0.0068299576071595425,153950.78172766164
2023-06-18,26333.5,1,-0.006470477268439967,152954.64669403425
2023-06-19,26827.4,1,0.018755577496345044,155823.39942353027
2023-06-20,28286.0,1,0.05436978611419652,164295.48432177462
2023-06-21,29985.7,1,0.06008979707275697,174167.9666346404
2023-06-22,29876.4,1,-0.003645070817089424,173533.11206218868
2023-06-23,30674.1,1,0.02670000401654815,178166.4468512532
2023-06-24,30528.0,1,-0.004762975930834079,177317.84435321845
2023-06-25,30460.1,1,-0.0022241876310272746,176923.45619704758
2023-06-26,30262.2,1,-0.006497023975627014,175773.98026028456
2023-06-27,30680.7,1,0.013829133374308578,178204.78207703712
2023-06-28,30057.9,1,-0.02029940646725792,174587.33077124623
2023-06-29,30433.7,1,0.012502536770699235,176770.11529391195
2023-06-30,30465.5,1,0.0010448943112404407,176954.82138177988
2023-07-01,30577.0,1,0.003659877566427605,177602.45436282628
2023-07-02,30601.9,1,0.0008143375739935177,177747.08271464737
2023-07-03,31149.1,1,0.01788124266793889,180925.4214341862
2023-07-04,30754.1,1,-0.012680944232738689,178631.11625469456
2023-07-05,30485.3,1,-0.008740298041561956,177069.8270591316
2023-07-06,29875.1,1,-0.020016204531364323,173525.5611843827
2023-07-07,30331.5,1,0.015276936311510392,176176.50013101564
2023-07-08,30271.3,1,-0.0019847353411470703,175826.836404926
2023-07-09,30150.0,1,-0.004007095830043661,175122.28142195806
2023-07-10,30399.1,1,0.008262023217247005,176569.14577692354
2023-07-11,30602.9,1,0.006704145846423204,177752.89108219038
2023-07-12,30367.8,1,-0.007682278476876414,176387.34387282713
2023-07-13,31437.3,1,0.035218224566810896,182599.39296008364
2023-07-14,30294.8,1,-0.036342179512871664,175963.3330421869
2023-07-15,30268.6,1,-0.0008648348891558966,175811.15381255985
2023-07-16,30221.4,1,-0.0015593717581915412,175536.99886452948
2023-07-17,30120.0,1,-0.003355238341043121,174948.03039566756
2023-07-18,29851.0,1,-0.008930942895086336,173385.579526596
2023-07-19,29888.8,1,0.0012662892365413736,173605.13581972203
2023-07-20,29792.9,1,-0.0032085597280585576,173048.11337234674
2023-07-21,29888.4,1,0.003205461703962964,173602.81247270483
2023-07-22,29774.0,1,-0.003827571900804405,172938.3352257837
2023-07-23,30071.1,1,0.009978504735675298,174664.00122281397
2023-07-24,29158.9,1,-0.030334773254054426,169365.60835007404
2023-07-25,29217.2,1,0.001999389551732067,169704.23617783192
2023-07-26,29336.7,1,0.0040900565420369794,170398.33609922245
2023-07-27,29209.6,1,-0.004332457297514747,169660.092584505
2023-07-28,29299.8,1,0.0030880258545136208,170184.00733688512
2023-07-29,29340.3,1,0.001382261994962386,170419.2462223773
2023-07-30,29273.1,1,-0.0022903651291908966,170028.92392348655
2023-07-31,29224.4,1,-0.0016636434132359934,169746.05642414166
2023-08-01,29700.1,1,0.016277494148724925,172509.09686435474
2023-08-02,29169.8,1,-0.017855158736839294,169428.91955629288
2023-08-03,29177.6,1,0.00026739984504509096,169474.2248231284
2023-08-04,29102.5,1,-0.0025738923009431813,169038.01642064785
2023-08-05,29055.9,1,-0.0016012370071298854,168767.34649314327
2023-08-06,29075.7,1,0.0006814450765593172,168882.352170495
2023-08-07,29200.0,1,0.004275047548296218,169604.33225609196
2023-08-08,29755.1,1,0.019010273972602798,172828.55707922063
2023-08-09,29565.8,1,-0.006361934592725271,171729.03310332756
2023-08-10,29441.4,1,-0.004207564145059406,171006.47218097627
2023-08-11,29413.9,1,-0.000934058842310459,170846.7420735433
2023-08-12,29417.8,1,0.00013259037393886786,170869.3947069611
2023-08-13,29301.3,1,-0.0039601873695517265,170192.71988819962
2023-08-14,29422.6,1,0.004139748065785431,170897.27487116755
2023-08-15,29194.4,1,-0.0077559427107052326,169571.80539785113
2023-08-16,28727.8,1,-0.015982517195078594,166861.62110227943
2023-08-17,26610.1,1,-0.07371605204714604,154561.24115643266
2023-08-18,26040.5,1,-0.021405406217939738,151252.79500393028
2023-08-19,26088.8,1,0.0018548030951786032,151533.33915625798
2023-08-20,26176.5,1,0.00336159578056483,152042.73298978055
2023-08-21,26112.9,1,-0.0024296601913930127,151673.32081404468
2023-08-22,26044.0,1,-0.002638542636015151,151273.12429033083
2023-08-23,26422.9,1,0.014548456458301384,153473.9147523799
2023-08-24,26161.6,1,-0.0098891491849874,151956.18831338958
2023-08-25,26045.9,1,-0.004422512384563482,151284.16018866256
2023-08-26,26008.5,1,-0.0014359265757758477,151066.92724255373
2023-08-27,26085.4,1,0.0029567256858336055,151513.59070661175
2023-08-28,26102.4,1,0.0006517055517645254,151612.33295484303
2023-08-29,27702.6,1,0.061304707613093035,160906.88269717857
2023-08-30,27282.7,1,-0.015157422047027969,158467.94916586584
2023-08-31,25924.1,1,-0.0497971241849231,150576.70102192313
2023-09-01,25793.7,1,-0.0050300685462560946,149819.28989431376
2023-09-02,25857.7,1,0.0024812260358149096,150191.02541706682
2023-09-03,25959.9,1,0.003952401025613339,150784.64057996316
2023-09-04,25811.9,1,-0.005701100543530568,149925.00218359666
2023-09-05,25781.9,1,-0.0011622546189935523,149750.75115730616
2023-09-06,25749.5,1,-0.0012566955887658438,149562.5600489124
2023-09-07,26245.2,1,0.019250859239985374,152441.76783998587
2023-09-08,25896.9,1,-0.01327099812537147,150418.7134247531
2023-09-09,25889.7,1,-0.0002780255551823041,150376.8931784434
2023-09-10,25826.4,1,-0.0024449877750610804,150009.2235129704
2023-09-11,25154.7,1,-0.026008270606820982,146107.74303432598
2023-09-12,25825.0,1,0.026647107697567396,150001.09179841017
2023-09-13,26207.8,1,0.014822846079380447,152224.53489387702
2023-09-14,26510.0,1,0.011530918276238422,153979.82356537672
2023-09-15,26588.9,1,0.0029762353828743926,154438.10376452075
2023-09-16,26550.0,1,-0.0014630165219321478,154212.15826709737
2023-09-17,26514.6,1,-0.0013333333333334085,154006.54205607457
2023-09-18,26749.3,1,0.008851726973063911,155369.76591842063
2023-09-19,27193.0,1,0.01658734994934452,157946.93859725722
2023-09-20,27110.6,1,-0.00303019159342488,157468.3291117126
2023-09-21,26554.5,1,-0.020512271952667915,154238.29592104096
2023-09-22,26565.7,1,0.0004217740872545228,154303.34963752274
2023-09-23,26565.6,1,-3.7642524007841516e-06,154302.76880076842
2023-09-24,26232.9,1,-0.012523714879392744,152370.32491920676
2023-09-25,26287.5,1,0.002081355854671063,152687.46178705548
2023-09-26,26207.4,1,-0.0030470756062767057,152222.21154685985
2023-09-27,26359.5,1,0.005803704297259404,153105.66425015268
2023-09-28,27010.7,1,0.02470456571634516,156888.07319416528
2023-09-29,26894.7,1,-0.004294594364455562,156214.30255917532
2023-09-30,26953.5,1,0.0021863043648004954,156555.83457070473
2023-10-01,27979.0,1,0.03804700688222318,162512.31548606852
2023-10-02,27484.1,1,-0.017688266199649805,159637.75438902946
2023-10-03,27413.2,1,-0.0025796733384028103,159225.94113022962
2023-10-04,27764.7,1,0.012822289991682778,161267.58232160003
2023-10-05,27397.3,1,-0.01323262992216745,159133.58808629564
2023-10-06,27912.5,1,0.018804772733079567,162126.0590444579
2023-10-07,27942.3,1,0.0010676220331391484,162299.1483972398
2023-10-08,27899.0,1,-0.0015496218994140998,162047.64608262718
2023-10-09,27579.2,1,-0.011462776443600053,160190.1301423704
2023-10-10,27378.0,1,-0.007295353019666995,159021.4865927154
2023-10-11,26865.5,1,-0.01871940974505082,156044.69822691925
2023-10-12,26746.4,1,-0.004433194989856837,155352.92165254598
2023-10-13,26846.7,1,0.0037500373882093374,155935.50091711056
2023-10-14,26841.6,1,-0.0001899674820370345,155905.87824264116
2023-10-15,27139.3,1,0.01109099308535999,157635.02926019728
2023-10-16,28480.9,1,0.04943384685677232,165427.5351559087
2023-10-17,28380.7,1,-0.003518147249560233,164845.5367280984
2023-10-18,28309.1,1,-0.0025228412266082856,164429.6576120184
2023-10-19,28696.9,1,0.013698775305467148,166682.14254520033
2023-10-20,29652.7,1,0.033306733479922856,172233.78024281585
2023-10-21,29891.6,1,0.00805660192832347,173621.39924884256
2023-10-22,29978.7,1,0.0029138620883459865,174127.30806183934
2023-10-23,33092.9,1,0.10388042176612067,192215.72626430244
2023-10-24,33935.8,1,0.025470720305563965,197111.59926631133
2023-10-25,34505.0,1,0.01677284755332109,200417.72207179648
2023-10-26,34166.1,1,-0.00982176496159981,198449.26631146803
2023-10-27,33911.0,1,-0.00746646529747319,196967.55175124446
2023-10-28,34097.4,1,0.005496741470319311,198050.23146126277
2023-10-29,34535.8,1,0.012857285306210997,200596.61979212135
2023-10-30,34501.6,1,-0.0009902767562935955,200397.97362215017
2023-10-31,34667.1,1,0.004796878985322328,201359.25845051944
2023-11-01,35442.4,1,0.022364143525129165,205862.48580662042
2023-11-02,34958.5,1,-0.013653138613637927,203051.81675255456
2023-11-03,34720.1,1,-0.0068195145672727,201667.10193029937
2023-11-04,35075.0,1,0.010221744753039275,203728.491571316
2023-11-05,35035.8,1,-0.001117605131860211,203500.80356362977
2023-11-06,35072.9,1,0.0010589168793062598,203716.29399947572
2023-11-07,35424.5,1,0.010024833988635073,205758.51602760045
2023-11-08,35641.7,1,0.006131349772050321,207020.09345794367
2023-11-09,36726.5,1,0.030436258652084547,213321.01056860836
2023-11-10,37335.2,1,0.01657386355901047,216856.56389204267
2023-11-11,37163.0,1,-0.0046122693865305875,215856.3630011352
2023-11-12,37089.5,1,-0.0019777735920135653,215429.44798672345
2023-11-13,36485.2,1,-0.016293020935844504,211919.45148047834
2023-11-14,35560.5,1,-0.02534452325874592,206548.4540134507
2023-11-15,37893.9,1,0.06561775003163617,220101.6988383262
2023-11-16,36178.5,1,-0.04526849967936797,210138.0251550351
2023-11-17,36638.2,1,0.012706441671158197,212808.13171455995
2023-11-18,36597.4,1,-0.0011135918249257637,212571.1503188049
2023-11-19,37386.9,1,0.021572570729068152,217156.85649401668
2023-11-20,37469.3,1,0.0022039805386377953,217635.46597956127
2023-11-21,35741.1,1,-0.04612309277194937,207597.4451917195
2023-11-22,37424.0,1,0.047085847945362636,217372.34692986257
2023-11-23,37297.7,1,-0.0033748396750749032,216638.7501091795
2023-11-24,37725.0,1,0.011456470506224337,219120.66556031062
2023-11-25,37791.0,1,0.0017495029821072983,219504.01781814973
2023-11-26,37455.4,1,-0.008880421264322202,217554.72967071325
2023-11-27,37256.0,1,-0.0053236649455085105,216396.5411826357
2023-11-28,37820.0,1,0.015138501181017894,219672.46047689725
2023-11-29,37858.6,1,0.0010206240084611462,219896.6634640577
2023-11-30,37727.4,1,-0.003465526987263101,219134.6056424139
2023-12-01,38684.8,1,0.025376781861458753,224695.53672809823
2023-12-02,39455.0,1,0.019909628587972517,229169.14140972978
2023-12-03,39999.9,1,0.01381067038398176,232334.12088391968
2023-12-04,42006.9,1,0.05017512543781355,243991.51454275448
2023-12-05,44103.4,1,0.04990846741844801,256168.75709668934
2023-12-06,43785.2,1,-0.0072148632531733314,254320.53454450134
2023-12-07,43308.0,1,-0.0108986598211267,251548.78155297373
2023-12-08,44209.7,1,0.020820633601182248,256786.186566512
2023-12-09,43740.0,1,-0.01062436524111221,254057.99633155702
2023-12-10,43823.8,1,0.0019158664837677364,254544.73753166184
2023-12-11,41272.1,1,-0.05822635189098169,239723.5260721457
2023-12-12,41526.0,1,0.006151855611902457,241198.27059131768
2023-12-13,42896.9,1,0.033013052063767256,249160.96165603946
2023-12-14,43050.0,1,0.0035690224701552253,250050.22272687536
2023-12-15,41979.7,1,-0.024861788617886238,243833.52694558442
2023-12-16,42296.3,1,0.007541740412628117,245672.45610970358
2023-12-17,41395.2,1,-0.021304463983847444,240438.53611669107
2023-12-18,42683.6,1,0.03112438157081021,247922.036859114
2023-12-19,42298.0,1,-0.00903391466511727,245682.33033452672
2023-12-20,43710.0,1,0.033382193011489925,253883.74530526652
2023-12-21,43902.1,1,0.004394875314573277,254999.53271028004
2023-12-22,44010.0,1,0.0024577412014459288,255626.25556817156
2023-12-23,43735.7,1,-0.006232674392183668,254033.02035112202
2023-12-24,43022.3,1,-0.016311617282906088,249889.33094593385
2023-12-25,43611.8,1,0.013702196302847636,253313.36361254228
2023-12-26,42552.0,1,-0.02430076263763481,247157.65569045302
2023-12-27,43454.0,1,0.021197593532618964,252396.80321425424
2023-12-28,42607.0,1,-0.019491876467068625,247477.115905319
2023-12-29,42095.3,1,-0.01200976365385964,244504.97423355727
2023-12-30,42177.2,1,0.001945585374139025,244980.6795353303
2023-12-31,42324.8,1,0.003499521068255129,245837.99458467963
2024-01-01,44235.5,1,0.04514374551090605,256936.04244912192
2024-01-02,44989.0,1,0.01703383029467287,261312.6473927851
2024-01-03,42871.9,1,-0.04705816977483379,249015.75246746416
2024-01-04,44156.3,1,0.029959017444993075,256476.01973971498
2024-01-05,44156.8,1,1.1323412514085973e-05,256478.92392348647
2024-01-06,43972.4,1,-0.0041760272483513106,255407.86094855415
2024-01-07,43936.2,1,-0.0008232436710301494,255197.59804349692
2024-01-08,46972.8,1,0.06911385144823634,272835.2869246219
2024-01-09,46128.0,1,-0.017984876353975165,267928.37802428124
2024-01-10,46659.9,1,0.011530957336108205,271017.8487204119
2024-01-11,46347.7,1,-0.00669097019067777,269204.476373482
2024-01-12,42797.9,1,-0.07659063988072756,248585.9332692808
2024-01-13,42855.0,1,0.001334177611518328,248917.59105598705
2024-01-14,41731.0,1,-0.02622797806556998,242388.9859376361
2024-01-15,42508.1,1,0.018621648175217498,246902.66835531453
2024-01-16,43128.1,1,0.014585455477897247,250503.85623198497
2024-01-17,42782.1,1,-0.008022611707911964,248494.16106210116
2024-01-18,41330.5,1,-0.03393007823365379,240062.7347366579
2024-01-19,41663.0,1,0.008044906304061072,241994.016944711
2024-01-20,41691.9,1,0.0006936610421717226,242161.87876670418
2024-01-21,41585.6,1,-0.002549655928369865,241544.44929688144
2024-01-22,39559.3,1,-0.04872600130814497,229774.95414446646
2024-01-23,39900.1,1,0.008614914824074171,231754.4458031266
2024-01-24,40078.1,1,0.004461141701399329,232788.3352257836
2024-01-25,39954.0,1,-0.0030964541732267925,232067.51681369523
2024-01-26,41805.5,1,0.04634079191069729,242821.70931959094
2024-01-27,42095.8,1,0.00694406238413614,244507.87841732873
2024-01-28,42016.1,1,-0.0018933005192918184,244044.95152415024
2024-01-29,43286.2,1,0.03022888844990379,251422.15914053595
2024-01-30,42919.0,1,-0.008483073127232177,249289.32657874015
2024-01-31,42552.7,1,-0.008534681609543626,247161.72154773303
2024-02-01,43064.6,1,0.01202978894406237,250135.0248930034
2024-02-02,43178.1,1,0.0026355753913887003,250794.27460913578
2024-02-03,42991.8,1,-0.004314687306759546,249712.1757358718
2024-02-04,42559.6,1,-0.010053079889653427,247201.79928377987
2024-02-05,42692.6,1,0.003125029370576682,247974.3121670011
2024-02-06,43083.9,1,0.009165522830654638,250247.1263865836
2024-02-07,44318.0,1,0.028644110677074286,257415.2327714207
2024-02-08,45260.5,1,0.02126675391488786,262889.6191807141
2024-02-09,47122.4,1,0.04113741562731299,273704.21870905714
2024-02-10,47728.1,1,0.0128537595708198,277222.34692986245
2024-02-11,48328.5,1,0.012579591477557273,280709.6908026898
2024-02-12,49960.9,1,0.03377717082053033,290191.2699799105
2024-02-13,49710.4,1,-0.00501392088613295,288736.2739103848
2024-02-14,51821.8,1,0.04247400946280866,301000.0611407106
2024-02-15,51904.2,1,0.0015900644130462105,301478.6706262552
2024-02-16,52151.8,1,0.004770326871428532,302916.82242990617
2024-02-17,51693.1,1,-0.00879547781668144,300252.5242379243
2024-02-18,52174.9,1,0.009320392857073756,303050.99572014983
2024-02-19,51814.9,1,-0.006899869477469012,300959.98340466374
2024-02-20,52287.1,1,0.009113208748834811,303702.69455847633
2024-02-21,51875.2,1,-0.007877660072943438,301310.2279675077
2024-02-22,51304.7,1,-0.010997547961260845,297996.5542842166
2024-02-23,50774.1,1,-0.0103421323972267,294914.63446589187
2024-02-24,51588.9,1,0.016047551802986115,299647.292339942
2024-02-25,51747.5,1,0.0030743047438499538,300568.4994322645
2024-02-26,54515.0,1,0.05348084448524082,316643.1566075636
2024-02-27,57077.9,1,0.04701274878473827,331529.4217835615
2024-02-28,62484.1,1,0.09471616860466137,362930.6183946192
2024-02-29,61184.1,1,-0.02080529286650523,355379.7405886973
2024-03-01,62417.6,1,0.020160466526434107,362544.3619530086
2024-03-02,62055.9,1,-0.005794839916946404,360443.47541269945
2024-03-03,63179.1,1,0.018099810010007156,366967.433837016
2024-03-04,68360.0,1,0.08200338403047835,397060.005240632
2024-03-05,63750.1,1,-0.06743563487419546,370284.0117040786
2024-03-06,66118.5,1,0.03715131427244822,384040.54939295974
2024-03-07,66858.7,1,0.011195051309391468,388339.90304830077
2024-03-08,68165.0,1,0.01953822015683837,395927.37356974377
2024-03-09,68374.4,1,0.003071957749578136,397143.64573325147
2024-03-10,68999.6,1,0.009143773108063913,400775.0371211456
2024-03-11,72152.4,1,0.04569301851025198,419087.65831076907
2024-03-12,71512.0,1,-0.008875657635781908,415367.97973622114
2024-03-13,73133.0,1,0.022667524331580813,424783.34352345153
2024-03-14,71473.1,1,-0.022697004088441552,415142.03423879785
2024-03-15,69523.8,1,-0.027273197888436407,403819.783387195
2024-03-16,65331.2,1,-0.06030452880883963,379467.6216263426
2024-03-17,68432.2,1,0.04746583561912221,397479.3693772378
2024-03-18,67643.9,1,-0.01151943091117924,392900.63324307767
2024-03-19,61971.5,1,-0.08385678531249674,359953.2491920689
2024-03-20,67850.5,1,0.09486618848987027,394100.6419774649
2024-03-21,65536.0,1,-0.03411176041444053,380657.17529915244
2024-03-22,63815.8,1,-0.026248168945312456,370665.6214516548
2024-03-23,63996.3,1,0.0028284531416984393,371714.0317931693
2024-03-24,67248.1,1,0.050812312586821395,390601.6813695516
2024-03-25,69903.4,1,0.03948513043491175,406024.63970652415
2024-03-26,70046.0,1,0.002039957999181885,406852.91291815846
2024-03-27,69548.6,1,-0.007101047882819733,403963.8309022619
2024-03-28,70858.8,1,0.018838625076565085,411573.9540571226
2024-03-29,69899.2,1,-0.01354242521747484,406000.2445628435
2024-03-30,69638.7,1,-0.0037267951564539104,404487.16481788765
2024-03-31,71378.0,1,0.024976054980923035,414589.6584854569
2024-04-01,69706.8,1,-0.023413376670682773,404882.7146475672
2024-04-02,65484.0,1,-0.06057945566286216,380355.14018691564
2024-04-03,65971.5,1,0.00744456661169135,383186.71936413634
2024-04-04,68480.4,1,0.03803005843432383,397759.33269281127
2024-04-05,67814.0,1,-0.009731251569792154,393888.63656214485
2024-04-06,68894.6,1,0.01593476273335903,400165.1585291289
2024-04-07,69355.0,1,0.006682671791403028,402839.3309459339
2024-04-08,71674.4,1,0.03344243385480494,416311.25862520706
2024-04-09,69187.0,1,-0.03470416215552552,401863.525198707
2024-04-10,70655.8,1,0.021229421712171348,410394.85544589016
2024-04-11,70038.5,1,-0.008736720835373801,406809.35016158584
2024-04-12,67120.5,1,-0.04166279974585407,389860.5336710626
2024-04-13,63905.1,1,-0.0479048874784902,371184.30867324624
2024-04-14,65618.9,1,0.02681789090385589,381138.6889684686
2024-04-15,63413.7,1,-0.033606171392693174,368330.07686260785
2024-04-16,63772.3,1,0.0056549294553069895,370412.9574635337
2024-04-17,61245.0,1,-0.03963005881864079,355733.4701720671
2024-04-18,63445.1,1,0.035922932484284464,368512.4596034585
2024-04-19,63774.8,1,0.005196618809017561,370427.47838239116
2024-04-20,64900.0,1,0.017643332476150464,376963.0535417937
2024-04-21,64910.9,1,0.00016795069337449675,377026.3647480126
2024-04-22,66770.3,1,0.028645420106638397,387826.44335749815
2024-04-23,66397.8,1,-0.0055788277123212104,385662.82644772436
2024-04-24,64259.1,1,-0.03221040456159696,373240.47078347416
2024-04-25,64464.6,1,0.003197990634789427,374434.0903135641
2024-04-26,63746.0,1,-0.011147203271252737,370260.1973971522
2024-04-27,63412.9,1,-0.0052254259090765975,368325.43016857334
2024-04-28,63092.8,1,-0.005047868809027745,366466.17171805364
2024-04-29,63827.9,1,0.011651091725204843,370735.9026989254
2024-04-30,60655.9,1,-0.049696136015754844,352311.7608524759
2024-05-01,58298.5,1,-0.03886513925273549,338619.115206568
2024-05-02,59030.4,1,0.012554353885606107,342870.25941130205
2024-05-03,62843.7,1,0.0645989185233371,365019.3073630882
2024-05-04,63860.0,1,0.01617186766533485,370922.35129705624
2024-05-05,63997.8,1,0.002157845286564486,371722.744344484
2024-05-06,63149.3,1,-0.013258268252971162,366794.3444842342
2024-05-07,62314.5,1,-0.013219465615612602,361945.5192593237
2024-05-08,61164.0,1,-0.018462797583226997,355262.9924010828
2024-05-09,63035.5,1,0.030598064220783483,366133.3522578389
2024-05-10,60789.1,1,-0.03563706165573366,353085.43540920585
2024-05-11,60810.2,1,0.0003471017007983246,353207.9919643635
2024-05-12,61449.7,1,0.010516327852893026,356922.4430081228
2024-05-13,62909.4,1,0.023754387735009264,365400.9171106645
2024-05-14,61546.0,1,-0.02167243686952991,357481.78880251525
2024-05-15,66185.4,1,0.07538101582556123,384429.12918158754
2024-05-16,65226.0,1,-0.014495644054428825,378856.5813608172
2024-05-17,66973.0,1,0.026783797872014237,389003.79945846763
2024-05-18,66875.8,1,-0.0014513311334417578,388439.2261332864
2024-05-19,66235.6,1,-0.009572969594382363,384720.7092322471
2024-05-20,71436.9,1,0.07852725724534815,414931.7713337405
2024-05-21,70167.8,1,-0.01776532856268942,407560.3720848979
2024-05-22,69210.1,1,-0.013648710662155561,401997.6984889507
2024-05-23,68000.3,1,-0.01748010767214614,394970.7354354089
2024-05-24,68580.0,1,0.00852496238987177,398337.8461000958
2024-05-25,69306.2,1,0.010589093030037855,402555.88260983455
2024-05-26,68528.6,1,-0.011219775431346557,398039.29600838467
2024-05-27,69450.0,1,0.013445481156772354,403391.12586252036
2024-05-28,68443.6,1,-0.01449100071994236,397545.5847672282
2024-05-29,67676.0,1,-0.01121507343272421,393087.0818412085
2024-05-30,68371.8,1,0.01028134050475793,397128.54397763964
2024-05-31,67555.8,1,-0.011934745026458304,392388.9160625379
2024-06-01,67792.8,1,0.0035082109900259617,393765.49917023286
2024-06-02,67776.3,1,-0.00024338867844375667,393669.66110577306
2024-06-03,68837.0,1,0.01565001335275018,399830.5965586511
2024-06-04,70559.3,1,0.025019974722896077,409834.34797798895
2024-06-05,71140.6,1,0.008238460415565418,413210.7520307446
2024-06-06,70835.8,1,-0.004284473282485712,411440.3616036331
2024-06-07,69389.9,1,-0.02041199506464253,403042.04297318496
2024-06-08,69326.0,1,-0.0009208832985779791,402670.8882871862
2024-06-09,69642.3,1,0.0045625018030752695,404508.0749410424
2024-06-10,69516.0,1,-0.0018135529699622177,403774.47812035936
2024-06-11,67276.3,1,-0.03221848207606881,390765.4773342645
2024-06-12,68240.9,1,0.014337887190585485,396368.22866625845
2024-06-13,66742.5,1,-0.02195750642210159,387664.97073980205
2024-06-14,66021.2,1,-0.010807206802262437,383475.395231024
2024-06-15,66184.0,1,0.002465874597856521,384420.99746702716
2024-06-16,66638.2,1,0.006862685845521632,387059.15800506546
2024-06-17,66454.8,1,-0.0027521751788012194,385993.90339767624
2024-06-18,65146.5,1,-0.019687065494140454,378394.8161411473
2024-06-19,64940.2,1,-0.0031667088792184384,377196.5499170229
2024-06-20,64853.9,1,-0.001328914909408896,376695.28779806057
2024-06-21,64108.3,1,-0.011496610072794344,372364.56895798724
2024-06-22,64223.1,1,0.0017907197663953323,373031.36955192557
2024-06-23,63179.9,1,-0.016243376604368143,366972.08053105045
2024-06-24,60257.1,1,-0.04626154837218799,349995.3838763208
2024-06-25,61764.4,1,0.025014479621488617,358750.33627391007
2024-06-26,60838.5,1,-0.014990836145093334,353372.36876583076
2024-06-27,61659.5,1,0.013494744281992599,358141.03851864766
2024-06-28,60406.1,1,-0.020327767821665788,350860.8306402303
2024-06-29,60939.9,1,0.008836855880449246,353961.33723469276
2024-06-30,62749.5,1,0.029694830480522683,364472.1591405361
2024-07-01,62860.1,1,0.0017625638451301828,365114.5645907937
2024-07-02,62092.6,1,-0.012209652864058396,360656.6425015283
2024-07-03,60184.8,1,-0.030725078350721247,349575.4389029608
2024-07-04,57034.6,1,-0.052342119604950166,331277.9194689491
2024-07-05,56602.8,1,-0.0075708429619913975,328769.8663638744
2024-07-06,58204.1,1,0.02829011992339603,338070.8053105073
2024-07-07,55840.0,1,-0.04061741354990456,324339.2436020612
2024-07-08,56696.5,1,0.015338467048710669,329314.11040265515
2024-07-09,58029.9,1,0.023518206591235824,337058.9876845138
2024-07-10,57713.8,1,-0.005447191878669377,335222.9627041662
2024-07-11,57312.1,1,-0.006960207090851878,332889.7414621363
2024-07-12,57860.9,1,0.009575639350154708,336077.37356974394
2024-07-13,59181.8,1,0.02282888790184745,343749.64625731495
2024-07-14,60755.8,1,0.026596014315211747,352892.0167700235
2024-07-15,64696.1,1,0.0648547134594557,375778.7273997728
2024-07-16,65027.0,1,0.00511468233788448,377700.7162197571
2024-07-17,64048.6,1,-0.01504605779137902,372017.8094156694
2024-07-18,63966.8,1,-0.0012771551603000253,371542.68495065067
2024-07-19,66631.9,1,0.041663800596559275,387022.5652895448
2024-07-20,67103.2,1,0.007073188667890307,389760.04891256866
2024-07-21,68150.0,1,0.015599852168003858,395840.2480565987
2024-07-22,67493.6,1,-0.009631694790902312,392027.63560136245
2024-07-23,65922.1,1,-0.02328368912015366,382899.78600751143
2024-07-24,65364.6,1,-0.008456951462407991,379661.6211022795
2024-07-25,65767.6,1,0.006165416754634778,382002.3932221153
2024-07-26,67881.2,1,0.03213740504442897,394278.9588610357
2024-07-27,67902.0,1,0.00030641768265748937,394399.77290593047
2024-07-28,68240.9,1,0.004991016464905185,396368.22866625886
2024-07-29,66757.7,1,-0.02173476610068148,387753.2579264563
2024-07-30,66170.0,1,-0.008803478849630841,384339.68032142526
2024-07-31,64615.9,1,-0.02348647423303607,375312.8963228228
2024-08-01,65341.1,1,0.011223243814602935,379525.1244650186
2024-08-02,61459.0,1,-0.05941283510684692,356976.4608262729
2024-08-03,60682.0,1,-0.012642574724613165,352463.35924534884
2024-08-04,58131.6,1,-0.042028937741010575,337649.6986636386
2024-08-05,53988.2,1,-0.07127620777683741,313583.30858590256
2024-08-06,55989.8,1,0.03707476819008604,325209.3370600051
2024-08-07,55109.5,1,-0.01572250659941632,320096.2311118873
2024-08-08,61670.2,1,0.11904843992415093,358203.188051358
2024-08-09,60814.9,1,-0.013868935077233302,353235.29129181575
2024-08-10,60893.7,1,0.0012957350912357057,353692.9906542054
2024-08-11,58703.4,1,-0.035969238197054776,340970.92322473566
2024-08-12,59316.1,1,0.010437214880228307,344529.710018342
2024-08-13,60558.8,1,0.02095046707386361,351747.7683640491
2024-08-14,58647.7,1,-0.031557758740265784,340647.3971525895
2024-08-15,57515.9,1,-0.0192982845022055,334073.4867674031
2024-08-16,58850.0,1,0.023195325118793297,341822.42990654183
2024-08-17,59475.1,1,0.010621920135938767,345453.2404576817
2024-08-18,58406.4,1,-0.017968864281018404,339245.83806445956
2024-08-19,59403.9,1,0.017078607823800107,345039.6846886189
2024-08-20,58978.0,1,-0.007169562941153673,342565.900952048
2024-08-21,61120.6,1,0.036328800569704,355010.9092497159
2024-08-22,60355.3,1,-0.012521146716491627,350565.76556904515
2024-08-23,64005.0,1,0.06047024867741513,371764.56459079374
2024-08-24,64130.3,1,0.0019576595578469913,372492.35304393375
2024-08-25,64180.9,1,0.0007890186074288597,372786.25644161034
2024-08-26,62812.0,1,-0.021328775383330556,364835.1821119746
2024-08-27,59366.7,1,-0.05485098388842902,344823.6134160186
2024-08-28,59013.1,1,-0.005956201035260511,342769.77465280786
2024-08-29,59315.8,1,0.005129369580652465,344527.9675080791
2024-08-30,59100.9,1,-0.0036229807235171885,343279.7493230848
2024-08-31,58944.4,1,-0.00264801382043256,342370.7398026026
2024-09-01,57266.1,1,-0.028472594512795157,332622.5565551574
2024-09-02,59116.7,1,0.032315802892112444,343371.5215302644
2024-09-03,57450.2,1,-0.028190003839862476,333691.8770198268
2024-09-04,57937.8,1,0.008487350783809466,336524.0370338019
2024-09-05,56150.5,1,-0.030848599705201152,326142.74172416783
2024-09-06,53934.0,1,-0.0394742700421189,313268.495065071
2024-09-07,54139.5,1,0.0038102124819223704,314462.114595161
2024-09-08,54850.0,1,0.013123505019440485,318588.9597344744
2024-09-09,57014.5,1,0.039462169553327264,331161.1712813344
2024-09-10,57620.3,1,0.010625367231142935,334679.88033889397
2024-09-11,57310.4,1,-0.005378312851547107,332879.86723731307
2024-09-12,58104.8,1,0.013861358496887188,337494.03441348573
2024-09-13,60466.3,1,0.04064208120499502,351210.49436631997
2024-09-14,59968.0,1,-0.008240954052091909,348316.18481963465
2024-09-15,59101.2,1,-0.014454375667022457,343281.49183334765
2024-09-16,58185.0,1,-0.01550222330511053,337959.8654904356
2024-09-17,60275.1,1,0.03592162928589837,350099.9344920951
2024-09-18,61743.7,1,0.02436495335553146,358630.1030657696
2024-09-19,62922.8,1,0.019096685167879546,365478.7492357408
2024-09-20,63173.8,1,0.003989015110579919,366936.64948903804
2024-09-21,63311.5,1,0.002179701078611762,367736.46169971145
2024-09-22,63549.9,1,0.0037655086358718837,369121.1765219667
2024-09-23,63305.9,1,-0.0038395025011841444,367703.93484147056
2024-09-24,64248.6,1,0.014891187077349821,373179.48292427254
2024-09-25,63130.1,1,-0.017408939650046862,366682.8238274082
2024-09-26,65145.8,1,0.031929301553458744,378390.7502838673
2024-09-27,65746.5,1,0.009220855373638814,381879.83666695753
2024-09-28,65823.0,1,0.0011635600374164667,382324.1767839983
2024-09-29,65571.7,1,-0.0038178144417605475,380864.5340204382
2024-09-30,63276.8,1,-0.03499833007227193,367534.91134596884
