rsi_window,rsi_long_threshold,rsi_short_threshold,sma_period,objective_value,total_return,annualized_return,volatility,sharpe_ratio,max_drawdown,calmar_ratio,win_rate,avg_win,avg_loss,profit_factor,total_trades,winning_trades,losing_trades
18,50,30,30,0.9716672431011254,-0.754116771382473,-0.33803553611564896,0.7647361785665393,-0.44202895794636016,-0.8981045776114726,-0.3763877220341771,0.20318474972889675,0.007948641943586202,-0.006608186928268559,0.9716672431011254,1222,3560,4407
18,50,30,20,0.9689050520308985,-0.7768844248627341,-0.36830269881274513,0.767055712124574,-0.48015117153958536,-0.9070575153199479,-0.40604117444838445,0.20655213743507791,0.007910157834143365,-0.00657298764354162,0.9689050520308985,1246,3619,4495
18,50,30,10,0.9673752061840291,-0.785815478687144,-0.38161810726020995,0.7659156556720752,-0.4982508249232064,-0.910361138495826,-0.4191941979100195,0.20569602191655728,0.007909214669095752,-0.006567001624333159,0.9673752061840291,1250,3604,4487
16,50,30,20,0.9660348585706761,-0.8131396475681323,-0.41058334658740714,0.7906615511948858,-0.5192908975615594,-0.9239487795691168,-0.4443789046172912,0.21853775469436676,0.007853457174595084,-0.006599143496731481,0.9660348585706761,1300,3829,4717
16,50,30,30,0.9643983714152781,-0.8181209637663758,-0.4201399847410513,0.7870615301108708,-0.5338083093476409,-0.9261898196003835,-0.45362189893463317,0.21368643342274984,0.007886121860601553,-0.006633934055900313,0.9643983714152781,1276,3744,4615
18,65,30,30,0.9641817171489064,-0.5901069331017355,-0.23128085497659356,0.6092493301572174,-0.3796161005493618,-0.8112176872490657,-0.2851033188895253,0.08703841104959763,0.009286181548286051,-0.007555302563598474,0.9641817171489064,588,1525,1944
18,65,30,20,0.9641817171489064,-0.5901069331017355,-0.23128085497659356,0.6092493301572174,-0.3796161005493618,-0.8112176872490657,-0.2851033188895253,0.08703841104959763,0.009286181548286051,-0.007555302563598474,0.9641817171489064,588,1525,1944
18,65,30,40,0.9641817171489064,-0.5901069331017355,-0.23128085497659356,0.6092493301572174,-0.3796161005493618,-0.8112176872490657,-0.2851033188895253,0.08703841104959763,0.009286181548286051,-0.007555302563598474,0.9641817171489064,588,1525,1944
16,50,30,10,0.9637450010385842,-0.8253974876334211,-0.43068152906437573,0.7896915340608607,-0.5453794430968074,-0.9286057275208318,-0.46379374615123087,0.2177387135437475,0.007850405043391467,-0.00659506662087097,0.9637450010385842,1306,3815,4712
18,65,30,10,0.9636886011952155,-0.5918079151745314,-0.23340211256859966,0.6081459621411432,-0.3837929166656703,-0.8111229597462833,-0.2877518257424338,0.086638890474288,0.009294232062729776,-0.007546521810056545,0.9636886011952155,588,1518,1940
18,60,30,30,0.9608046869708825,-0.6950311713946837,-0.3150825050644962,0.660620206414511,-0.47694954227118413,-0.8628236546321728,-0.3651760164118563,0.12048399063980367,0.008789710363413111,-0.007126206352598746,0.9608046869708825,826,2111,2710
18,60,30,20,0.9608046869708825,-0.6950311713946837,-0.3150825050644962,0.660620206414511,-0.47694954227118413,-0.8628236546321728,-0.3651760164118563,0.12048399063980367,0.008789710363413111,-0.007126206352598746,0.9608046869708825,826,2111,2710
18,60,30,40,0.9608046869708825,-0.6950311713946837,-0.3150825050644962,0.660620206414511,-0.47694954227118413,-0.8628236546321728,-0.3651760164118563,0.12048399063980367,0.008789710363413111,-0.007126206352598746,0.9608046869708825,826,2111,2710
18,60,30,10,0.9598688706372505,-0.6995779188208755,-0.32063744925034243,0.6596769408105705,-0.4860522316520005,-0.8642376062638212,-0.37100612947923856,0.12002739569659265,0.008794247649937841,-0.007122931818709423,0.9598688706372505,826,2103,2705
16,60,30,30,0.9585812948908549,-0.7490274695964798,-0.36315801364061917,0.6955284818910822,-0.522132483565912,-0.8876416270251859,-0.4091268396883272,0.13846241652873695,0.008609675327024688,-0.007111477818640214,0.9585812948908549,912,2426,3064
16,60,30,20,0.9585812948908549,-0.7490274695964798,-0.36315801364061917,0.6955284818910822,-0.522132483565912,-0.8876416270251859,-0.4091268396883272,0.13846241652873695,0.008609675327024688,-0.007111477818640214,0.9585812948908549,912,2426,3064
16,60,30,40,0.9585812948908549,-0.7490274695964798,-0.36315801364061917,0.6955284818910822,-0.522132483565912,-0.8876416270251859,-0.4091268396883272,0.13846241652873695,0.008609675327024688,-0.007111477818640214,0.9585812948908549,912,2426,3064
18,50,30,40,0.9585581480951808,-0.8227493630858852,-0.44391655646399863,0.7502165033060012,-0.5917179301012154,-0.9276315501798772,-0.4785483593975633,0.19416699960047942,0.007979995814748054,-0.006638923411578523,0.9585581480951808,1212,3402,4266
16,60,30,10,0.9577475529121141,-0.7527691920271786,-0.36832308970699157,0.6946325236634725,-0.5302416416733065,-0.8887997662391368,-0.41440502540354185,0.13800582158552593,0.008613025878418567,-0.007108558153115398,0.9577475529121141,912,2418,3059
16,50,40,30,0.9576897015110603,-0.9100785444870638,-0.5665218086701616,0.8616663613998674,-0.6574723513051937,-0.9665792908209065,-0.5861100212368713,0.2791507334056275,0.007737071653118567,-0.006434434244568748,0.9576897015110603,1700,4891,6141
18,50,40,30,0.9573010858482285,-0.9019767741392771,-0.5526792115287826,0.8478778140166799,-0.6518382747987672,-0.9623893657112258,-0.5742781780639702,0.2618001255636094,0.0078641663749554,-0.006523875987543396,0.9573010858482285,1624,4587,5776
10,55,30,20,0.9569747780263916,-0.9034351874506752,-0.5518853466642962,0.8584155384290189,-0.6429116458845774,-0.9595906983437404,-0.575125777705905,0.2594030021117516,0.007856605818015786,-0.006543967701324445,0.9569747780263916,1536,4545,5702
16,50,40,20,0.9567443613140093,-0.9150186190526722,-0.5778656309820458,0.86366519143373,-0.6690852389486234,-0.9681016561377103,-0.5969059419725296,0.28228982364020316,0.007713600448838502,-0.006418210940434492,0.9567443613140093,1718,4946,6213
16,50,40,10,0.9564283362031898,-0.9154879643829049,-0.5794781061066142,0.8624490774746567,-0.6718983430342208,-0.9681296543518043,-0.598554236513491,0.2813766337537812,0.007714047493702368,-0.006410250658789674,0.9564283362031898,1722,4930,6203
10,55,30,10,0.95640276555871,-0.9046864841641089,-0.5553602958491457,0.8569521196951942,-0.6480645570334542,-0.9599280208422034,-0.5785436863921257,0.2584327378574282,0.007853411280275271,-0.0065344895897269184,0.95640276555871,1538,4528,5690
12,55,35,20,0.9544604002937462,-0.9137347879622979,-0.5761274312414526,0.8592989911936263,-0.6704621291841287,-0.9664520093060803,-0.5961262697928646,0.2600878945265681,0.007895390925805622,-0.00656723957444334,0.9544604002937462,1580,4557,5740
10,55,35,10,0.9544519722177472,-0.9309218625319274,-0.6110420233123617,0.8881915478498142,-0.6879619883701976,-0.9704070939923058,-0.6296759649586883,0.2930768791735632,0.0077068702696211945,-0.006457460329982848,0.9544519722177472,1724,5135,6421
10,55,35,20,0.9543874286337516,-0.9317823263580985,-0.6129776618292929,0.8896204847888391,-0.6890327643194836,-0.9709115861317604,-0.6313424111782172,0.2941612921636893,0.0077075803333171,-0.006468285977509475,0.9543874286337516,1722,5154,6435
18,50,40,20,0.9533304361184869,-0.9173849024309344,-0.5887549066471802,0.849534658879442,-0.6930322388774144,-0.9678996242932337,-0.6082809537994115,0.26442554648707267,0.00783555601698729,-0.0065003882116633,0.9533304361184869,1648,4633,5858
12,55,35,10,0.9530248663944643,-0.9175576571475187,-0.5861815554599275,0.8577418120195759,-0.6834009339940504,-0.9677889409060347,-0.6056915208300995,0.2589464071685406,0.007890969662238434,-0.006558309547817553,0.9530248663944643,1582,4537,5728
18,50,40,10,0.9529892408286825,-0.9178411789684371,-0.5903257914325942,0.8482982742808095,-0.6958941322061213,-0.9679277998372503,-0.6098861831759074,0.26351235660065064,0.00783645599971834,-0.00649208522699666,0.9529892408286825,1652,4617,5848
12,55,40,20,0.9520268547023344,-0.9411605293743608,-0.638340777993339,0.8965420833284969,-0.7120031394660681,-0.9755236519258554,-0.6543570488866589,0.29633011814394156,0.0077748036705171724,-0.006504200712944225,0.9520268547023344,1768,5192,6519
16,60,40,40,0.9513180610192913,-0.8798566139534449,-0.5303286121367312,0.7822044165018398,-0.6779923520611876,-0.9508949255487135,-0.5577152615791964,0.20723702984989442,0.008134479015048901,-0.006689885451996944,0.9513180610192913,1344,3631,4641
12,55,40,10,0.951184427055546,-0.9421474022264291,-0.6423551900616331,0.8935397258512585,-0.7188882278845223,-0.9758217653230693,-0.6582710212955395,0.2945608127389989,0.0077640028358824725,-0.006481988797393507,0.951184427055546,1770,5161,6499
16,60,40,30,0.9507285377202566,-0.8823857266120044,-0.5352329886139636,0.7823835205373548,-0.6841056522335186,-0.9511436897839289,-0.5627256894650191,0.20763655042520404,0.008128064090037098,-0.006681494243933442,0.9507285377202566,1346,3638,4655
16,60,40,20,0.9507285377202566,-0.8823857266120044,-0.5352329886139636,0.7823835205373548,-0.6841056522335186,-0.9511436897839289,-0.5627256894650191,0.20763655042520404,0.008128064090037098,-0.006681494243933442,0.9507285377202566,1346,3638,4655
16,50,30,40,0.9505006639768501,-0.8711041560990391,-0.5182860448734979,0.7695398186931293,-0.6735012695687106,-0.9485354759029918,-0.5464066005334142,0.20152959305975687,0.007944299839948765,-0.006693616421451437,0.9505006639768501,1252,3531,4409
10,55,30,30,0.9504163744577866,-0.9196618028516278,-0.5965685842130434,0.8426255876879722,-0.70798773848054,-0.9680074885512487,-0.6162850920770119,0.2547799783117402,0.007795597368788968,-0.00653840245885598,0.9504163744577866,1526,4464,5600
12,65,35,40,0.9504126355403175,-0.8591787549416241,-0.5017206819745411,0.7556127169136969,-0.6639918449544115,-0.9384462303250873,-0.5346291196680922,0.18452143142514696,0.008259485878647978,-0.006811183255758029,0.9504126355403175,1176,3233,4125
12,50,35,30,0.9503071363823851,-0.9324609801624095,-0.6230535757360667,0.8647352680625832,-0.7205136632532659,-0.9729465217068475,-0.6403780288386653,0.27606871753895323,0.007714708330714794,-0.0064819001865187645,0.9503071363823851,1660,4837,6058
16,60,40,10,0.9500086854215976,-0.8843096689323494,-0.5395030733640844,0.7811399327923675,-0.6906612384230626,-0.951718410604171,-0.5668725826388044,0.2070087323782889,0.008125953245711436,-0.006674645114558114,0.9500086854215976,1346,3627,4648
12,65,35,20,0.9497630562693332,-0.8621431527765036,-0.5069237516556249,0.755798216234573,-0.6707130828928732,-0.9387580591250424,-0.5399940343820822,0.1849209520004566,0.008252012870858428,-0.006801335649382513,0.9497630562693332,1178,3240,4139
12,65,35,30,0.9497630562693332,-0.8621431527765036,-0.5069237516556249,0.755798216234573,-0.6707130828928732,-0.9387580591250424,-0.5399940343820822,0.1849209520004566,0.008252012870858428,-0.006801335649382513,0.9497630562693332,1178,3240,4139
16,65,30,40,0.9497049834583544,-0.7187377969497635,-0.34829633349358746,0.6445980770242012,-0.5403310154158446,-0.8795378641596178,-0.39599924879456805,0.10227726727926488,0.009023632790264175,-0.007504058417028095,0.9497049834583544,678,1792,2269
16,65,30,30,0.9497049834583544,-0.7187377969497635,-0.34829633349358746,0.6445980770242012,-0.5403310154158446,-0.8795378641596178,-0.39599924879456805,0.10227726727926488,0.009023632790264175,-0.007504058417028095,0.9497049834583544,678,1792,2269
16,65,30,20,0.9497049834583544,-0.7187377969497635,-0.34829633349358746,0.6445980770242012,-0.5403310154158446,-0.8795378641596178,-0.39599924879456805,0.10227726727926488,0.009023632790264175,-0.007504058417028095,0.9497049834583544,678,1792,2269
10,50,30,30,0.9494201848697463,-0.9267287550401941,-0.6117277761138404,0.851714029616557,-0.71823141904712,-0.9697173739136064,-0.6308309952672254,0.2614576793562011,0.0077529271073607416,-0.0065125804418628705,0.9494201848697463,1570,4581,5744
16,50,35,20,0.9493949570166726,-0.9163006746781881,-0.5929944044326825,0.8292625216704543,-0.7150864641008534,-0.9650265674542299,-0.6144850560923106,0.2461617487586325,0.007820440926112626,-0.0065645655533161104,0.9493949570166726,1512,4313,5412
16,65,30,10,0.9492395118788105,-0.7199049842085417,-0.350094724211934,0.6435552359309984,-0.5440010502058458,-0.8794774184688039,-0.3980713055958381,0.10187774670395526,0.009029449507137802,-0.007496447097620754,0.9492395118788105,678,1785,2265
12,55,35,30,0.9491021560035049,-0.9277941084671051,-0.6154910568789045,0.8489436160731751,-0.72500816924201,-0.9719195893689679,-0.633273640753059,0.25946007647965297,0.007841098546715311,-0.006563651743709374,0.9491021560035049,1578,4546,5722
14,50,30,30,0.9490840778550351,-0.9029682986792258,-0.5676372979080466,0.8121547377935106,-0.6989275214354137,-0.9587907660066721,-0.5920345898534618,0.2268135380400662,0.007866025189833759,-0.006645799126594565,0.9490840778550351,1374,3974,4956
12,65,35,10,0.9489648120486011,-0.8643982245027695,-0.5114538993877822,0.7545108943176665,-0.6778615169636614,-0.9394784782139423,-0.5444019328256624,0.18429313395354147,0.008250064095454234,-0.0067938342303364395,0.9489648120486011,1178,3229,4132
12,55,30,20,0.9487996929860567,-0.9085888821475709,-0.5757686286191305,0.8258077996608227,-0.6972186855774566,-0.9622746289372877,-0.5983412752500761,0.2261286456252497,0.008021270183726378,-0.0067044113265800915,0.9487996929860567,1386,3962,4996
16,50,35,30,0.9484160938807499,-0.9169061067600351,-0.5954123566230518,0.8264501953958071,-0.7204455391748009,-0.9656347424598574,-0.6166020446885524,0.24188117116602934,0.00785145938993925,-0.0065923090017882095,0.9484160938807499,1490,4238,5322
16,50,35,10,0.9482365795608507,-0.9191997639425032,-0.6004723517927977,0.8281634998567023,-0.7250649804014518,-0.9660802383979179,-0.6215553614765792,0.24536270760801324,0.007819001562820118,-0.006557314276396361,0.9482365795608507,1518,4299,5406
10,55,35,30,0.9480846563743469,-0.9443132216089424,-0.6547807144199549,0.8746660550533439,-0.7486065231833209,-0.9774036112147406,-0.6699184522207543,0.2897665658352834,0.0076514007049254765,-0.006459609737485485,0.9480846563743469,1716,5077,6343
12,50,40,30,0.9478395297710994,-0.9545949490270049,-0.6811059325569269,0.9002883899976183,-0.7565419482514139,-0.9806906618850343,-0.6945165881846365,0.31076993322298957,0.007628316751577861,-0.006442510832642032,0.9478395297710994,1850,5445,6802
12,50,40,20,0.9476430000301661,-0.9604222435706,-0.6957685693492075,0.92389439631707,-0.753082356731199,-0.9783168063763102,-0.71118942740679,0.3218423605958564,0.007638849649908558,-0.006453979913819545,0.9476430000301661,1888,5639,7043
12,55,30,10,0.9476298778600085,-0.9113188339378634,-0.582665893190098,0.824324042515846,-0.7068408333836719,-0.9632303280695965,-0.6049081680783607,0.22510130700302494,0.008018576760104014,-0.00669468719107103,0.9476298778600085,1388,3944,4985
10,50,35,30,0.9475651660155474,-0.9481341783978909,-0.6646094141648722,0.882155260557574,-0.7533927913605594,-0.9781927050944714,-0.6794258541323775,0.2957593744649278,0.007619471156447,-0.006437356248553549,0.9475651660155474,1762,5182,6473
12,50,35,20,0.9475370457735595,-0.9470976627742927,-0.6589720738084607,0.889709191453021,-0.7406600720087718,-0.9726122860978356,-0.6775280173071702,0.2871982192797215,0.007722515890089939,-0.006501469953908559,0.9475370457735595,1704,5032,6308
18,50,45,30,0.9471724946552407,-0.9525837898921296,-0.6786674780009606,0.8852046454418598,-0.7666786222774465,-0.9810029169162489,-0.6918098471453378,0.30580446321556987,0.007597932572358953,-0.0064092249902588565,0.9471724946552407,1860,5358,6706
14,50,40,30,0.9470338861341868,-0.9488321392504258,-0.6677189893501989,0.8794135691514424,-0.7592775603797991,-0.9789421022962693,-0.6820822066840873,0.2940471434278865,0.007647361942217581,-0.006430099601952128,0.9470338861341868,1776,5152,6470
10,60,30,20,0.9469186388081555,-0.917378664697792,-0.5947890376367422,0.8312646429992944,-0.7155230799792925,-0.9673817777617433,-0.6148441611262528,0.22715598424747446,0.00809794377718968,-0.006717292501209902,0.9469186388081555,1396,3980,5067
10,55,30,40,0.9466002529522936,-0.9223260663954861,-0.610143323204122,0.8219890680512767,-0.7422766882418691,-0.9695675458594911,-0.6292942929141148,0.2422236173734376,0.007869069116400937,-0.0065613330431180655,0.9466002529522936,1494,4244,5377
10,50,35,20,0.9464937014022831,-0.9589319942114108,-0.6932921663491585,0.9125521173294103,-0.7597288452719637,-0.9791288546974651,-0.7080704066916448,0.3129958335711432,0.007624419302442717,-0.006449052591223627,0.9464937014022831,1824,5484,6850
12,55,40,30,0.9463657090798139,-0.9526337315525534,-0.6782785131456024,0.8865611585707052,-0.7650668051362733,-0.9802963340566172,-0.6919117103486263,0.2957593744649278,0.007722985433741629,-0.006498944409065543,0.9463657090798139,1768,5182,6507
10,50,30,20,0.9462347859520005,-0.9468460687587096,-0.6598683260438079,0.8840617831011017,-0.7464052158539524,-0.9728337251266881,-0.6782950765382604,0.28034929513155643,0.0077278048790291026,-0.006517597535217859,0.9462347859520005,1646,4912,6155
16,50,40,40,0.9461410662201692,-0.9381968567449782,-0.6450932453716531,0.8465493789521875,-0.7620267185950975,-0.9773150072936718,-0.6600668572132241,0.26745048798584553,0.007766813446942984,-0.006478121242665155,0.9461410662201692,1674,4686,5938
10,55,35,40,0.9461321391876392,-0.9424371754339523,-0.6552786721105731,0.8540591744541638,-0.7672520730537987,-0.9769322737843671,-0.6707513813339421,0.27703898179327663,0.007707401906999679,-0.006475885819979615,0.9461321391876392,1684,4854,6106
18,50,40,40,0.9456959572291066,-0.9328064542661686,-0.6332192696837442,0.8358882126905686,-0.7575406137688306,-0.9745032252379519,-0.6497867357279666,0.2528394498030934,0.007885743250847052,-0.006555425804033811,0.9456959572291066,1614,4430,5635
18,50,45,10,0.9450911388522104,-0.9568506068579384,-0.6936073480046119,0.8846831890059799,-0.7840177779165685,-0.9826316470774112,-0.7058670968593075,0.30677472746989326,0.007575683275084932,-0.006374470861380835,0.9450911388522104,1880,5375,6759
10,60,30,10,0.9450779709883995,-0.9216114010688468,-0.6058549550710365,0.8295927827633376,-0.7303040330859194,-0.9689082734319567,-0.6252965029651836,0.22595742252154558,0.00809345367581159,-0.006707035219826854,0.9450779709883995,1398,3959,5055
16,65,40,40,0.9449516972806918,-0.8629307842106629,-0.5150095542251915,0.7374228528015231,-0.6983910957853187,-0.9464047418734534,-0.5441747398747236,0.1711660293362251,0.008284003465296116,-0.0068323808201838695,0.9449516972806918,1110,2999,3848
12,50,40,10,0.9449482480077689,-0.9643494669219504,-0.7123095863049547,0.9198905450179989,-0.7743416759338659,-0.9806770987601616,-0.7263446726812574,0.32070087323782887,0.00761157605283328,-0.006433710238773261,0.9449482480077689,1898,5619,7035
14,55,30,20,0.9448943742839688,-0.8970645039994624,-0.5655198784978583,0.781506954345803,-0.7236274422807322,-0.9575071648365939,-0.5906168635243254,0.19964613891901148,0.00817263296962707,-0.0068157459182612845,0.9448943742839688,1260,3498,4439
12,65,40,40,0.9448943049458852,-0.9147181832342464,-0.5989062600192163,0.799238145831047,-0.7493464409115186,-0.9591807280815854,-0.6243935501259101,0.22413104274870155,0.00797801986279161,-0.00665131659791064,0.9448943049458852,1382,3927,4985
18,50,35,30,0.9447467967238785,-0.9200512110522909,-0.6066080954085568,0.8157598450739465,-0.7436111241214248,-0.9661692446870748,-0.6278486908419719,0.22881114091661434,0.007958137688070454,-0.006666024286010997,0.9447467967238785,1428,4009,5066
12,50,40,40,0.9447076625650684,-0.9535649244935029,-0.6854410318319754,0.8724599930342217,-0.7856417913767759,-0.981262551244909,-0.6985296962187841,0.29399006905998515,0.007672627744253746,-0.006456992171542763,0.9447076625650684,1798,5151,6479
18,50,45,20,0.9446544547242129,-0.958318202705233,-0.6982232636679023,0.8870509129638703,-0.7871287357508656,-0.9833003826225806,-0.7100813505285707,0.30791621482792075,0.0075806307979829355,-0.00639397603038061,0.9446544547242129,1878,5395,6771
14,55,30,30,0.9443668126062933,-0.8984462315647668,-0.5685074715925751,0.7813181487826716,-0.7276260924929685,-0.9580775562365916,-0.59338356053942,0.19930369271160323,0.008171594966463374,-0.0068239013306461765,0.9443668126062933,1258,3492,4428
16,65,40,30,0.9442689275657512,-0.8658161988819085,-0.5200738760599268,0.737612882723188,-0.7050769966759116,-0.946676253189708,-0.5493682495019839,0.17156554991153472,0.008275891632846125,-0.006821750056670089,0.9442689275657512,1112,3006,3862
16,65,40,20,0.9442689275657512,-0.8658161988819085,-0.5200738760599268,0.737612882723188,-0.7050769966759116,-0.946676253189708,-0.5493682495019839,0.17156554991153472,0.008275891632846125,-0.006821750056670089,0.9442689275657512,1112,3006,3862
16,50,45,30,0.9442026571547514,-0.9629264639923297,-0.7125626670276237,0.8981710332769764,-0.7933485278720683,-0.9851395125526128,-0.7233114274152802,0.31887449346498487,0.007552251243790616,-0.006400443054799531,0.9442026571547514,1920,5587,6982
14,50,35,30,0.9441123471293298,-0.9382947892447873,-0.6454483616204002,0.8459084440220336,-0.7630239019148366,-0.9742735053751196,-0.6624919574015168,0.257177101763598,0.007774690502810271,-0.006560564637914082,0.9441123471293298,1578,4506,5656
14,50,30,40,0.9439084192972008,-0.9064239218887385,-0.58409365369496,0.7865168484352661,-0.7426333648884745,-0.9623495313406266,-0.6069454337253876,0.2119171280178072,0.007952176456873584,-0.006693993969012593,0.9439084192972008,1330,3713,4673
16,65,40,10,0.9438031193647022,-0.8665696171560501,-0.5219178782710439,0.73622752937539,-0.7089083978071766,-0.9467279806966196,-0.5512859965193035,0.17099480623252097,0.0082737846096159,-0.006811262001977101,0.9438031193647022,1112,2996,3856
10,50,35,40,0.9436097776306939,-0.9485435661089563,-0.6739483284977704,0.8544711666804135,-0.7887315040904573,-0.9794713069122578,-0.6880735798400918,0.2783516922550083,0.007690454652653125,-0.006465148131858251,0.9436097776306939,1714,4877,6148
12,50,35,10,0.9435832901891333,-0.9545359329448498,-0.6846801026629741,0.8867043420516417,-0.7721627945102566,-0.9767757603632403,-0.7009593505968631,0.2862279550253981,0.007698331433430732,-0.006489365113585728,0.9435832901891333,1716,5015,6305
12,50,30,30,0.9433708086260466,-0.9312220316168719,-0.6301350997003374,0.8315450699448713,-0.7577882696630182,-0.9701739437804616,-0.6495073422039144,0.24256606358084584,0.0077972122568497415,-0.0065979315644757505,0.9433708086260466,1468,4250,5324
18,60,40,40,0.9432433883826422,-0.8864579649248867,-0.5513684337968336,0.7592598937984311,-0.7261919644384791,-0.9528626792397155,-0.5786441696265907,0.18132526682266994,0.008386049314351648,-0.006850740580789543,0.9432433883826422,1236,3177,4123
14,50,40,20,0.9431290364533074,-0.9608583287431587,-0.7036145931118101,0.9012235417487964,-0.780732593543293,-0.980551405451008,-0.7175703274711845,0.30009702642543234,0.0076709994906476,-0.006460162320778999,0.9431290364533074,1804,5258,6620
14,55,30,10,0.9430566544666776,-0.9019036157303916,-0.5762779170358321,0.7802359314843552,-0.7385944350697815,-0.9593156476537396,-0.6007177287739154,0.19861880029678672,0.008172955682009651,-0.006809495288071001,0.9430566544666776,1262,3480,4429
18,50,35,20,0.9429672024350458,-0.9266187907828539,-0.6224962453036582,0.8177526426646774,-0.7612280447975455,-0.9685548481044917,-0.6427062406655785,0.23212145425489414,0.007920730751599879,-0.006634679426062391,0.9429672024350458,1450,4067,5149
18,50,35,10,0.942947858965901,-0.9260651211019556,-0.6214529600004925,0.8165439339799339,-0.7610771865898944,-0.9681696027673561,-0.6418843952796802,0.23132241310427487,0.007922725467655083,-0.006625221664523128,0.942947858965901,1454,4053,5140
12,50,35,40,0.9429397800209361,-0.9410848381221044,-0.6564894196340678,0.836042597061196,-0.7852344150187058,-0.977611981811667,-0.6715234999651813,0.25906055590434335,0.007780514985762797,-0.00651580095518454,0.9429397800209361,1616,4539,5748
12,55,30,30,0.9428194871120672,-0.9232618704426021,-0.6146005548258253,0.8150254233323598,-0.7540875870018068,-0.9683301716440568,-0.6347014405038522,0.2254437532104332,0.0079601976269052,-0.006700770667736039,0.9428194871120672,1384,3950,4977
12,55,40,40,0.9428175830233566,-0.955751421734734,-0.6937454149197471,0.8694226617921148,-0.7979380402734735,-0.9817965709091871,-0.7066081054625278,0.2886250784772559,0.007716256812650873,-0.006482030230943987,0.9428175830233566,1758,5057,6385
16,50,45,10,0.9427558942810348,-0.96557707652169,-0.7230194536000307,0.8982058809247889,-0.8049596077634372,-0.9861695142211941,-0.7331594043150073,0.3204725757662234,0.0075308112052731545,-0.006370271173519964,0.9427558942810348,1944,5615,7041
14,50,30,20,0.9427470824567903,-0.9303400791267302,-0.6259351419635251,0.8371922001639995,-0.7476600257872794,-0.9638287092310805,-0.6494257080834219,0.23457565207465328,0.007879228919705383,-0.006671253619787105,0.9427470824567903,1416,4110,5149
10,60,35,20,0.9427280752802244,-0.9479338610673825,-0.6690657941216944,0.8648263824944469,-0.7736417478290685,-0.9786655288183046,-0.6836511294410889,0.2632840591290451,0.007891856589625487,-0.006605677810428074,0.9427280752802244,1598,4613,5846
18,60,40,30,0.9427202249529466,-0.8882821560761452,-0.5549707635441429,0.7593070017296821,-0.7308911445303856,-0.9528626792397153,-0.5824247036172635,0.18143941555847268,0.008383095499007023,-0.006843163588290309,0.9427202249529466,1238,3179,4131
18,60,40,20,0.9427202249529466,-0.8882821560761452,-0.5549707635441429,0.7593070017296821,-0.7308911445303856,-0.9528626792397153,-0.5824247036172635,0.18143941555847268,0.008383095499007023,-0.006843163588290309,0.9427202249529466,1238,3179,4131
12,55,35,40,0.942630254420811,-0.9394412313360998,-0.6527678911950632,0.8324628161828526,-0.7841405988416917,-0.9767092283585008,-0.6683339035222722,0.2531248216426003,0.007837567200124126,-0.006556743811896528,0.942630254420811,1574,4435,5624
12,65,40,20,0.9424174200456793,-0.922718048815352,-0.6176914679190884,0.8008242136676095,-0.7713196696316025,-0.9624057852918366,-0.6418201941001235,0.22527253010672907,0.007974025811730867,-0.006655348493655297,0.9424174200456793,1388,3947,5018
16,50,45,20,0.9423471522535314,-0.9667478679481701,-0.727192313007968,0.9005378571279304,-0.8075088762255811,-0.986702030890361,-0.7369928207726282,0.3216140631242509,0.007535707270478296,-0.006389003612985698,0.9423471522535314,1942,5635,7053
12,65,40,30,0.9422178565360719,-0.9232636241405819,-0.619041271017862,0.8008307960344301,-0.7729988333156553,-0.962671183300062,-0.6430453946858286,0.22527253010672907,0.007974025811730867,-0.006655431797314065,0.9422178565360719,1388,3947,5019
12,65,40,10,0.942143122745286,-0.9220269766865107,-0.6168995206181824,0.7978738259851476,-0.7731792929245257,-0.9618924373271176,-0.6413394020774373,0.22395981964499742,0.007963240858669155,-0.0066306832306311314,0.942143122745286,1388,3924,5002
14,50,40,10,0.9421424001797787,-0.9621038235502585,-0.7087591194394236,0.8997349700126156,-0.7877421052440429,-0.9813714744915722,-0.7222128805064532,0.2990696878032076,0.007666992329542883,-0.006452143452900828,0.9421424001797787,1810,5240,6609
18,65,40,40,0.9419315461715112,-0.8473373090524594,-0.4963762625620711,0.7150319047614414,-0.6942015583593838,-0.9351054707513207,-0.5308238247855103,0.14793676160036529,0.008585370233731989,-0.00703548419346669,0.9419315461715112,998,2592,3358
18,60,40,10,0.9419056948691171,-0.8901096442004284,-0.5590595260419533,0.7580254961619471,-0.7375207415484003,-0.9534171787410397,-0.5863745047893678,0.18081159751155756,0.008381564347848404,-0.006835718615466345,0.9419056948691171,1238,3168,4124
14,55,40,20,0.9418999959342955,-0.950272900345837,-0.6798572702614389,0.8531430214440693,-0.7968854613739689,-0.9797204053535203,-0.6939298870845919,0.26950516523029505,0.007820751421100017,-0.0065356804202902725,0.9418999959342955,1672,4722,5999
10,50,35,10,0.9418475135832345,-0.9665136672309984,-0.7236271584629608,0.910181650066154,-0.7950359781592674,-0.9831745524282414,-0.73601087078154,0.3132241310427487,0.007590381096392313,-0.006437842557249615,0.9418475135832345,1840,5488,6870
14,50,40,40,0.9417908168321386,-0.9530297089425488,-0.6879183156854642,0.8566196666572342,-0.803061548154633,-0.9816140175695869,-0.7008032723378439,0.27960732834883856,0.007691610901713264,-0.006461589239802017,0.9417908168321386,1732,4899,6192
10,50,30,10,0.941496847184279,-0.9560197657705828,-0.691242428472247,0.8816712570044221,-0.7840137953695139,-0.9777766969656376,-0.7069532651140076,0.28074881570686605,0.007689529951615622,-0.006501888988925678,0.941496847184279,1664,4919,6179
10,50,30,40,0.9414410922237317,-0.9361856813964591,-0.6465575776632825,0.8221931443940461,-0.7863816209995201,-0.9750736897928053,-0.6630858615420855,0.2435934022030706,0.007835245313513338,-0.00655004455361318,0.9414410922237317,1522,4268,5423
18,65,40,20,0.9413074715826982,-0.8497900212111723,-0.5004201040058616,0.7150820751317819,-0.699807926123221,-0.9351054707513206,-0.5351483010828646,0.14805091033616802,0.008581596594248826,-0.007025746075547572,0.9413074715826982,1000,2594,3366
18,65,40,30,0.9413074715826982,-0.8497900212111723,-0.5004201040058616,0.7150820751317819,-0.699807926123221,-0.9351054707513206,-0.5351483010828646,0.14805091033616802,0.008581596594248826,-0.007025746075547572,0.9413074715826982,1000,2594,3366
10,60,35,10,0.9412490883606291,-0.9502117100173425,-0.6768672952797972,0.8631078755239547,-0.7842209699093533,-0.9795036003943492,-0.6910309415986726,0.2619142742994121,0.007887852983501293,-0.006594088647686713,0.9412490883606291,1600,4589,5832
14,50,30,10,0.9410538458820215,-0.9337547521485479,-0.6356400650133169,0.8358073685695131,-0.7605102430494444,-0.9659693700280251,-0.6580333546133823,0.23371953655613265,0.007872085683580169,-0.006663181462601127,0.9410538458820215,1422,4095,5141
14,55,40,30,0.9409556668087785,-0.9520338153614986,-0.6856120796771694,0.853005313862726,-0.8037606196993807,-0.9804385377797602,-0.6992912388264171,0.2692197933907882,0.00781866186672665,-0.006539016107621241,0.9409556668087785,1672,4717,5994
18,65,40,10,0.9407781331012491,-0.8506334236340818,-0.5023396123932358,0.7136530107115322,-0.7038989604939647,-0.9351684226707011,-0.5371648573832605,0.14748016665715427,0.008580336690230355,-0.007014074062814567,0.9407781331012491,1000,2584,3360
14,55,40,10,0.9403680227216983,-0.9526803413191725,-0.6881234763050159,0.851567902660634,-0.8080664784981288,-0.9806120628383169,-0.701728545244781,0.2683066035043662,0.007816914462467257,-0.006527073454804664,0.9403680227216983,1674,4701,5987
12,50,30,20,0.9400789111211401,-0.9477482921135885,-0.6702418215446382,0.8582286163495246,-0.7809595354621379,-0.9703875974004743,-0.6906949587361972,0.2552365732549512,0.007783887935190431,-0.006605123860374204,0.9400789111211401,1522,4472,5606
14,50,35,20,0.9395621160329453,-0.9537811713879358,-0.6868034290142284,0.8695149825299887,-0.7898695742031578,-0.9764398612379969,-0.7033750426200875,0.2640831002796644,0.00780093468156131,-0.006590624801768477,0.9395621160329453,1614,4627,5829
10,65,30,20,0.9392013532739151,-0.9097601833028723,-0.595425229508896,0.7742283018946384,-0.7690563985478343,-0.9624951641861876,-0.6186267231922584,0.1930255122424519,0.008266717846384003,-0.006821239001396188,0.9392013532739151,1228,3382,4364
10,65,30,10,0.9385657930819772,-0.9107369707615317,-0.5980371756142557,0.7729032040682975,-0.7737542973898841,-0.9627278414489808,-0.6211902781518844,0.1923406198276354,0.008263494035352072,-0.006813036844556638,0.9385657930819772,1228,3370,4355
14,55,35,20,0.9384897189658583,-0.9386459660599619,-0.6546242424025982,0.8180446108003466,-0.800230493251629,-0.9746343497276712,-0.6716613698106484,0.23063752068945836,0.008027949225258095,-0.006699065845139503,0.9384897189658583,1470,4041,5160
14,50,35,10,0.9383772833939584,-0.9553675176380564,-0.6926618708740644,0.8678818435985463,-0.7981061892043303,-0.9774916229755316,-0.7086115671923288,0.263112836025341,0.007794210507593429,-0.0065803230281598745,0.9383772833939584,1620,4610,5819
12,65,30,30,0.938319556533791,-0.8622741170639502,-0.5210884768494619,0.7167192276504062,-0.7270468779772056,-0.9350708302414513,-0.5572716632759338,0.1499343644769134,0.008527049854471383,-0.007067217570826029,0.938319556533791,980,2627,3378
12,65,30,40,0.938319556533791,-0.8622741170639502,-0.5210884768494619,0.7167192276504062,-0.7270468779772056,-0.9350708302414513,-0.5572716632759338,0.1499343644769134,0.008527049854471383,-0.007067217570826029,0.938319556533791,980,2627,3378
12,65,30,20,0.938319556533791,-0.8622741170639502,-0.5210884768494619,0.7167192276504062,-0.7270468779772056,-0.9350708302414513,-0.5572716632759338,0.1499343644769134,0.008527049854471383,-0.007067217570826029,0.938319556533791,980,2627,3378
14,50,35,40,0.9381226248811576,-0.9434418646695745,-0.6670976928311179,0.8227582305674931,-0.8108064654315166,-0.9775757032323091,-0.6824000337011139,0.24250898921294448,0.00784917780225274,-0.006606756428778519,0.9381226248811576,1536,4249,5381
14,55,35,30,0.9380208337192547,-0.939469535802484,-0.6569991937976974,0.817864019058631,-0.8033110376391293,-0.9749748388646056,-0.6738627168705168,0.2302950744820501,0.008026835765651195,-0.006705830010071715,0.9380208337192547,1468,4035,5149
12,65,30,10,0.9380000813422574,-0.8624785814898908,-0.521862005699121,0.7155188607469624,-0.7293476585010292,-0.9348643895763125,-0.558222145926034,0.14942069516580103,0.008528058287083081,-0.007058775346532336,0.9380000813422574,980,2618,3372
18,55,30,20,0.9378846744324917,-0.8813967244773032,-0.552312843531652,0.7285382827171136,-0.7581109416402642,-0.9489089447081233,-0.5820504133845413,0.16614348496090406,0.008337119152741854,-0.006909664370673296,0.9378846744324917,1092,2911,3745
14,55,30,40,0.937347004074907,-0.916087916819668,-0.6092988884202097,0.7761739149092866,-0.785003047276357,-0.9652761175554148,-0.6312172002797231,0.19713486673135094,0.00814158370506518,-0.006813686449237928,0.937347004074907,1262,3454,4403
10,55,40,10,0.9370829632701839,-0.9765632556319135,-0.7664501390813954,0.9215911130410459,-0.8316596462744527,-0.9900563505057743,-0.7741479954043536,0.3260087894526568,0.007584241336146488,-0.0064485744807745455,0.9370829632701839,1918,5712,7169
14,55,35,10,0.9368450185702186,-0.9413882225719385,-0.6628972597951146,0.8163601111221784,-0.8120157400682991,-0.9756548962547786,-0.6794382545916197,0.22949603333143084,0.008022879255016274,-0.0066889513779164736,0.9368450185702186,1472,4021,5148
10,55,40,20,0.9365891231113551,-0.9776061167109815,-0.7711281633571777,0.9243028718620111,-0.8342808259415418,-0.9905429850627145,-0.7784903583041932,0.32749272301809257,0.007591283919921738,-0.006469313317239535,0.9365891231113551,1916,5738,7189
16,60,35,30,0.9365562601299376,-0.8914983365029373,-0.5671176217789151,0.7417280791878857,-0.7645896625618506,-0.9508389962068651,-0.5964391700816746,0.16734204668683295,0.008431224697501936,-0.006977252134955065,0.9365562601299376,1128,2932,3783
16,60,35,20,0.9365562601299376,-0.8914983365029373,-0.5671176217789151,0.7417280791878857,-0.7645896625618506,-0.9508389962068651,-0.5964391700816746,0.16734204668683295,0.008431224697501936,-0.006977252134955065,0.9365562601299376,1128,2932,3783
16,60,35,40,0.9365562601299376,-0.8914983365029373,-0.5671176217789151,0.7417280791878857,-0.7645896625618506,-0.9508389962068651,-0.5964391700816746,0.16734204668683295,0.008431224697501936,-0.006977252134955065,0.9365562601299376,1128,2932,3783
18,55,30,30,0.9364516490222319,-0.8855966534944202,-0.560360055903413,0.7283779707610848,-0.7693259247226968,-0.9507181595437997,-0.5894071237392801,0.16585811312139717,0.008334615852906698,-0.006915510367896218,0.9364516490222319,1092,2906,3740
10,65,35,20,0.9364210791251192,-0.9417168401110674,-0.6652706021723938,0.8109944019487112,-0.8203146662589007,-0.9748814426581256,-0.6824118021556114,0.2298955539067405,0.008003599309345749,-0.006677143502803609,0.9364210791251192,1432,4028,5156
10,65,30,30,0.936419167674612,-0.9168947213301281,-0.6118833941050869,0.7737637729985903,-0.7907883716677979,-0.9654603705342647,-0.6337737029708261,0.19268306603504365,0.008257914755849484,-0.006822095533229866,0.936419167674612,1230,3376,4364
18,50,45,40,0.9362686169693387,-0.9683591894287933,-0.7400300434795453,0.8737765547037074,-0.8469328222367848,-0.9872892700746231,-0.7495574659933365,0.2972433080303636,0.007600219433364578,-0.0064298506200682615,0.9362686169693387,1852,5208,6575
16,60,35,10,0.9362626439164509,-0.8916594153783641,-0.5678168132812281,0.7405682243840891,-0.7667312674041157,-0.9506826900295385,-0.5972726959650286,0.16682837737572057,0.008431832856983531,-0.006969572237434928,0.9362626439164509,1128,2923,3777
12,50,30,10,0.9362067991972571,-0.9542407847365082,-0.6921774299939474,0.8552536339123201,-0.8093241613340035,-0.9743441768940903,-0.7104034143257224,0.25443753210433195,0.00775735427743552,-0.00658914107407786,0.9362067991972571,1534,4458,5606
16,55,40,20,0.936179771625714,-0.9520555699160409,-0.6910109392129486,0.8326518508051545,-0.8298917951659599,-0.9807551352068659,-0.7045702993614171,0.248673020946293,0.007908121298451693,-0.0066052691881615345,0.936179771625714,1586,4357,5572
14,55,40,40,0.9361266475837459,-0.9593132806304907,-0.7115834954836682,0.848264743304011,-0.8388695877091789,-0.9836341746379139,-0.7234229084665643,0.2666514468352263,0.007800623222073012,-0.006536463473251091,0.9361266475837459,1672,4672,5956
10,60,30,30,0.9360425826409831,-0.9412040321141771,-0.6623062291474177,0.8156978097692954,-0.8119504811895208,-0.9767878364565487,-0.6780451234426071,0.22658524056846072,0.008004205099723216,-0.006702451180384671,0.9360425826409831,1400,3970,5065
10,65,35,10,0.9360357589878969,-0.9418931074294795,-0.6661544960965446,0.8096110454617488,-0.8228080629959958,-0.9748404358301552,-0.6833472141820424,0.22903943838821986,0.00800111866053635,-0.0066671780247539,0.9360357589878969,1432,4013,5145
12,55,45,20,0.9357322205109184,-0.9792764838734414,-0.7792526995154265,0.9270367723532814,-0.8405844544195316,-0.9920061070832453,-0.7855321594809845,0.3323440442897095,0.0075547066373250265,-0.006450664380512553,0.9357322205109184,1954,5823,7288
18,55,30,10,0.9354416257331988,-0.8877455814014511,-0.5648989438340052,0.7271580406334395,-0.7768585538047716,-0.9514179882734822,-0.5937442331305036,0.16505907197077793,0.008339032400912973,-0.0069025037664996285,0.9354416257331988,1094,2892,3735
14,50,45,30,0.9353179869124973,-0.9783262263744177,-0.776994991485298,0.9135936541527211,-0.8504820364649901,-0.9912664179591574,-0.7838407287972022,0.33011814394155586,0.007502719847082608,-0.006398671624203256,0.9353179869124973,1996,5784,7251
16,55,30,20,0.9351913013401699,-0.9052394958733868,-0.5922183159025538,0.7526202981941517,-0.7868752906658659,-0.9590057746815668,-0.617533628615737,0.18086867187945893,0.008169231577006273,-0.0068912999954686095,0.9351913013401699,1158,3169,4017
16,55,40,30,0.9351717934608783,-0.9537533577910495,-0.6965652752146516,0.8325106655537727,-0.8367043258854919,-0.9814366262172867,-0.7097404525235586,0.24838764910678615,0.007905956873223657,-0.006608923230500528,0.9351717934608783,1586,4352,5567
18,50,35,40,0.9347914859030072,-0.9384807499904718,-0.6585345979315833,0.8023004629953058,-0.8208079495218195,-0.9743524115986042,-0.6758690080636597,0.2200787626277039,0.007989352642869506,-0.0066929229250549185,0.9347914859030072,1416,3856,4924
18,55,30,40,0.9346216037642672,-0.8898728986547612,-0.5691596658056768,0.7267533455820737,-0.7831538296529251,-0.9525602492918757,-0.5975051617247148,0.16528736944238342,0.008313006753191196,-0.006900219170701291,0.9346216037642672,1096,2896,3733
16,50,35,40,0.9344338683906621,-0.9441221052069358,-0.672342233022754,0.8106729331514159,-0.8293631198578271,-0.9772633772867868,-0.6879846811505442,0.23000970264254322,0.007891723206137558,-0.006646202106633142,0.9344338683906621,1466,4030,5121
12,50,30,40,0.9344285511238603,-0.9404158843344039,-0.6641409788969399,0.8015169066460909,-0.8286050779340464,-0.9755793689206159,-0.6807657070810625,0.22532960447463043,0.007876477834338745,-0.006642405333340378,0.9344285511238603,1422,3948,5010
12,55,45,10,0.9343608400060238,-0.9801851622248312,-0.7846104352405154,0.9247152727999395,-0.8484886735619696,-0.9923209187318741,-0.7906821477100371,0.330745961988471,0.007542409687683501,-0.00643449576938133,0.9343608400060238,1958,5795,7270
16,55,40,10,0.9343393425293613,-0.954688800693198,-0.7000241355304364,0.8310229266014937,-0.8423644079149744,-0.9817271570829686,-0.7130536529216899,0.24741738485246276,0.007904619003263903,-0.0065961514116960876,0.9343393425293613,1588,4335,5560
16,55,40,40,0.9340481572877122,-0.9550235423546729,-0.7011444684193044,0.8309569745653868,-0.843779509505919,-0.9822249040510193,-0.7138329170107106,0.246846641173449,0.007909960077417223,-0.006601683250119203,0.9340481572877122,1588,4325,5548
10,65,35,40,0.9340224966277342,-0.9452412567440732,-0.6762426318224646,0.8083340926429018,-0.83658803702247,-0.9767795331639436,-0.6923185927452918,0.22812624850179783,0.007988609183735314,-0.006670434394570038,0.9340224966277342,1432,3997,5125
12,55,30,40,0.9338633578686482,-0.9387732671392166,-0.6606196036351379,0.7975488705308945,-0.8283123806512214,-0.9746028060383248,-0.6778347030627778,0.2191655727412819,0.007947242554003232,-0.006688225303588091,0.9338633578686482,1380,3840,4886
16,55,30,30,0.9338505571866567,-0.9085951147566256,-0.5995483016383667,0.752464860026118,-0.7967791367925892,-0.9604574448457366,-0.6242320311595512,0.18058330003995204,0.008166667093062014,-0.006896726767088178,0.9338505571866567,1158,3164,4012
10,65,30,40,0.9338358064201718,-0.9224847433830352,-0.6255137582340368,0.7725343545028861,-0.8096905394408579,-0.9677836560523805,-0.6463363524710954,0.1918840248844244,0.00824670103450325,-0.006817407876054188,0.9338358064201718,1232,3362,4355
10,65,35,30,0.9338238581209406,-0.9467037440494156,-0.680021496818878,0.8105562522889282,-0.8389565744494187,-0.9770306712307103,-0.6960083412348698,0.22955310769933224,0.007995817622407218,-0.006677945172568275,0.9338238581209406,1434,4022,5157
14,65,30,30,0.933806841427414,-0.8369244032099726,-0.49181346313991714,0.6804904412754595,-0.7227338303505033,-0.9255928848367164,-0.5313496583616001,0.1236801552422807,0.008813569875906483,-0.007325517294478947,0.933806841427414,830,2167,2792
14,65,30,40,0.933806841427414,-0.8369244032099726,-0.49181346313991714,0.6804904412754595,-0.7227338303505033,-0.9255928848367164,-0.5313496583616001,0.1236801552422807,0.008813569875906483,-0.007325517294478947,0.933806841427414,830,2167,2792
14,65,30,20,0.933806841427414,-0.8369244032099726,-0.49181346313991714,0.6804904412754595,-0.7227338303505033,-0.9255928848367164,-0.5313496583616001,0.1236801552422807,0.008813569875906483,-0.007325517294478947,0.933806841427414,830,2167,2792
14,60,30,20,0.9337847632229772,-0.8930140596533784,-0.5723626230709407,0.7347828768169038,-0.7789547649101849,-0.9533484331022446,-0.6003708646254795,0.1613492380571885,0.008475196297680987,-0.007008564302981814,0.9337847632229772,1072,2827,3661
14,65,30,10,0.9333827059872505,-0.8376011374342164,-0.4932158549217701,0.679502571397766,-0.7258484009960461,-0.9255555487107523,-0.5328862817675206,0.12328063466697106,0.008817695986655985,-0.007319077623407274,0.9333827059872505,830,2160,2788
16,50,45,40,0.9333428917278301,-0.9745960685777415,-0.7654854566692836,0.8814233106140238,-0.8684651829051643,-0.989775665440472,-0.7733928842639566,0.3071171736773015,0.007547268158319129,-0.0064186828102528164,0.9333428917278301,1896,5381,6779
10,60,30,40,0.9333054848221682,-0.9434302689176988,-0.6721288841866575,0.8036106911403031,-0.8363861899757999,-0.9774258475469558,-0.6876520463148159,0.2228754066548713,0.007992214411388303,-0.006687970398549193,0.9333054848221682,1396,3905,5000
12,50,45,30,0.9330705619685805,-0.9828479897027093,-0.799158355416052,0.9268675249871464,-0.8622142149463425,-0.993250313023397,-0.8045890798498314,0.34198961246504195,0.007469302868601121,-0.0063836077882211874,0.9330705619685805,2070,5992,7514
14,60,30,10,0.9330575700159843,-0.894428621166118,-0.575475023333683,0.7339092115875268,-0.784122905459746,-0.9537502296765111,-0.6033812684153901,0.16077849437817476,0.00847862124838323,-0.007005434848461428,0.9330575700159843,1072,2817,3654
16,55,30,10,0.9328988036130382,-0.9103120445033351,-0.6036826499305394,0.7512838958492406,-0.8035346601541954,-0.9610189704682753,-0.6281693374235716,0.1797842588893328,0.008169975465822748,-0.006884579631021219,0.9328988036130382,1160,3150,4007
10,60,35,30,0.9324687994351984,-0.9638986371693908,-0.727791934223631,0.8497667900788616,-0.8564607875015793,-0.9852072095085379,-0.7387196593767149,0.26265624108213004,0.007808111186177984,-0.006592858863017506,0.9324687994351984,1602,4602,5845
14,65,40,40,0.9324458645288296,-0.9247771406489058,-0.6333887589408864,0.7642199112029148,-0.8288043135959458,-0.9667814901341442,-0.6551519297840525,0.19593630500542206,0.00806909726003258,-0.006751844785914299,0.9324458645288296,1252,3433,4400
10,60,35,40,0.93234129125795,-0.9616206700083022,-0.7223896073301699,0.8373245258232881,-0.8627355165787005,-0.9843595576606482,-0.7338676215497357,0.258546886593231,0.007796632185995116,-0.006574414411801865,0.93234129125795,1596,4530,5762
12,50,45,40,0.9322429616034392,-0.9789552657703475,-0.7842436247916207,0.8934933810998388,-0.8777274027774689,-0.9919339346600315,-0.7906208240172838,0.3218994349637578,0.007482142780117814,-0.0063719598343452005,0.9322429616034392,1986,5640,7104
16,55,30,40,0.9319428472816429,-0.9122732496752918,-0.608193537822513,0.7507354644352773,-0.8101302877439152,-0.9620238009973074,-0.6322021733682816,0.17938473831402318,0.008164627493304849,-0.006880411171756681,0.9319428472816429,1162,3143,4002
14,65,40,30,0.9318644258966452,-0.9263606409318457,-0.637217074172949,0.7644028408244226,-0.8336142150985449,-0.9669497737034931,-0.6589970766861633,0.1963358255807317,0.00806244614814077,-0.006742798908204637,0.9318644258966452,1254,3440,4414
14,65,40,20,0.9318644258966452,-0.9263606409318457,-0.637217074172949,0.7644028408244226,-0.8336142150985449,-0.9669497737034931,-0.6589970766861633,0.1963358255807317,0.00806244614814077,-0.006742798908204637,0.9318644258966452,1254,3440,4414
12,50,45,20,0.9317530327731102,-0.9860951902075514,-0.8154796231512462,0.9483587790995426,-0.8598851417029494,-0.9931840688859752,-0.8210760207480424,0.3515210319045717,0.007492136178350586,-0.0063868873311305665,0.9317530327731102,2132,6159,7754
14,55,35,40,0.9316565688761832,-0.9503060430736002,-0.6904083801712451,0.813012241423279,-0.8491980132582007,-0.9797359823018847,-0.704688194210377,0.2280120997659951,0.008001682325196362,-0.006702813090280165,0.9316565688761832,1470,3995,5119
14,50,45,40,0.9315450330412435,-0.9782901251136035,-0.781872134008803,0.8882947339653601,-0.8801944941388032,-0.9915145933443598,-0.7885634152610534,0.31470806460818446,0.007515468437678551,-0.006405406739752268,0.9315450330412435,1940,5514,6945
18,55,40,20,0.9315269070621093,-0.9519839192655564,-0.6945167028705856,0.8178300818526278,-0.8492188270909518,-0.9805976886251135,-0.7082585559062052,0.2263569430968552,0.008135450768914169,-0.006736074083778923,0.9315269070621093,1500,3966,5142
14,65,40,10,0.931418237291708,-0.9267741128886379,-0.6386110258933475,0.7630659652985429,-0.8369014671536248,-0.9669818345752708,-0.6604167762612064,0.19576508190171793,0.008059983437807007,-0.006733516774405418,0.931418237291708,1254,3430,4408
18,60,45,30,0.931316512948119,-0.9494605669497276,-0.6900745076809494,0.8038734287804571,-0.8584367674993933,-0.9768262376475836,-0.7064455079982325,0.2302950744820501,0.007873014541987444,-0.006581215023542226,0.931316512948119,1496,4035,5183
12,65,45,40,0.9312555992956707,-0.9599973420586869,-0.7195205144845764,0.8247770685246268,-0.8723818131506312,-0.9815657926323692,-0.7330334042662203,0.25580731693396497,0.007684498935852667,-0.006495327405781298,0.9312555992956707,1578,4482,5694
18,60,45,40,0.9310351660907366,-0.9497911148898641,-0.6911256409688484,0.8037271106828434,-0.8599008690669533,-0.9770858588920565,-0.7073335824883743,0.22978140517093773,0.007878832503490509,-0.006586081111783487,0.9310351660907366,1496,4026,5173
10,50,40,30,0.9305795492020263,-0.9823905492554378,-0.7988947113009162,0.9140066132372681,-0.8740579113222785,-0.9927037036270249,-0.8047665263884963,0.32595171508475546,0.007529280069781,-0.006437372704112706,0.9305795492020263,1974,5711,7178
14,60,30,30,0.9305578267763155,-0.901472579270573,-0.5897588702593617,0.7342937522565417,-0.8031647667530697,-0.9570367980640243,-0.616234267535351,0.16100679184978026,0.008465104712095467,-0.007009585309516141,0.9305578267763155,1074,2821,3661
18,55,40,30,0.9304541193503211,-0.9536842444030873,-0.7000080269357676,0.8176863085242532,-0.8560838302394113,-0.9812847550672785,-0.7133587099167498,0.22607157125734834,0.008133359647672034,-0.006740161309431883,0.9304541193503211,1500,3961,5137
12,55,45,30,0.930448692259129,-0.9833415193018591,-0.803912927966398,0.9166177131123285,-0.8770427589019121,-0.9935449414653991,-0.809135947872364,0.3313167056674847,0.007508838533476102,-0.006441232451007841,0.930448692259129,1958,5805,7273
10,55,40,40,0.9302366322174103,-0.97799018336937,-0.7818238016106854,0.8808421777122392,-0.8875866998572566,-0.9912404219254606,-0.7887327678707973,0.3062610581587809,0.007566169549135461,-0.006432554102744919,0.9302366322174103,1868,5366,6785
10,50,40,20,0.9302154834684921,-0.9862047923458628,-0.8170800203491289,0.9433444973648468,-0.8661523151209053,-0.9929768105171606,-0.8228591158373362,0.3430740254551681,0.00753370801578814,-0.006442026780166296,0.9302154834684921,2042,6011,7557
10,50,40,40,0.9301625058035641,-0.9782050878596079,-0.7826884080683651,0.8819046308882713,-0.8874977867845261,-0.9914075818447786,-0.7894718805881676,0.3068318018377946,0.0075631511921350775,-0.0064273276247745325,0.9301625058035641,1906,5376,6801
18,60,45,20,0.930063634729561,-0.9516819068018779,-0.6968355589925661,0.8043707200645143,-0.8663114427346096,-0.977844784923064,-0.712623894647444,0.23012385137834598,0.00787280320343138,-0.006588817756067727,0.930063634729561,1496,4032,5180
16,60,45,40,0.9300400956687822,-0.9605226799332854,-0.7218895060741264,0.8225952512951314,-0.8775755815968432,-0.981507329187299,-0.7354906933520918,0.24901546715370126,0.007798498026859928,-0.006550452925950411,0.9300400956687822,1590,4363,5585
14,60,40,20,0.9298331931597488,-0.9553644155977369,-0.706643326481428,0.8127655393851638,-0.8694307180100002,-0.980775299819746,-0.7204946195232487,0.23320586724502027,0.007954620942690272,-0.006622827144510935,0.9298331931597488,1496,4086,5278
18,60,45,10,0.9296516762023246,-0.9516037257436688,-0.6971981629030759,0.8019054802479536,-0.869426858995275,-0.9777052825796642,-0.7130964466751438,0.22909651275612122,0.007866194749348986,-0.006569484052818128,0.9296516762023246,1496,4014,5170
10,55,40,30,0.929571783257812,-0.9825732472970121,-0.8008701816732815,0.9088333100833318,-0.8812068976651494,-0.9929966643402806,-0.806518501454743,0.32292677358598254,0.007529000655008304,-0.006456265040618807,0.929571783257812,1912,5658,7098
18,55,40,10,0.9295533419836542,-0.9546210852797729,-0.7034276476641074,0.8161715294983442,-0.8618625157097378,-0.9815776628315355,-0.7166296405268078,0.22510130700302494,0.008132869328425097,-0.006726498025611186,0.9295533419836542,1502,3944,5130
12,55,45,40,0.9292190042279512,-0.9811313811688871,-0.7961724219519078,0.8909020486525167,-0.8936699866793586,-0.9926269363210428,-0.8020862549859354,0.31750470863535185,0.0075064769881641544,-0.006398887366334145,0.9292190042279512,1934,5563,7023
14,60,40,10,0.9291613790303604,-0.9560193801349166,-0.7090946855743074,0.8115452345016132,-0.8737586710243912,-0.9809689146925814,-0.722851330917581,0.2324639004623024,0.007952661018161078,-0.006616183360159407,0.9291613790303604,1496,4073,5269
18,55,40,40,0.9288844403825248,-0.9557018745300159,-0.7069428838322338,0.8163024623029114,-0.8660305664616547,-0.9823876226370153,-0.7196170508893349,0.22538667884253183,0.008119252857299475,-0.006735155742095458,0.9288844403825248,1502,3949,5125
14,50,45,10,0.9288445798178319,-0.9854961934426937,-0.8144474117082076,0.9317751149765902,-0.8740815231244609,-0.9930191998411688,-0.8201728746417759,0.33359968038353977,0.007523383132390525,-0.00641415481540588,0.9288445798178319,2040,5845,7381
12,60,35,20,0.9287492150297435,-0.9541041777494756,-0.703785976523668,0.8074193026843404,-0.8716486888335048,-0.9807384464842939,-0.7176082257676016,0.22390274527709605,0.008085167191217315,-0.0067108325531514456,0.9287492150297435,1440,3923,5089
12,50,45,10,0.9286398561033321,-0.9878802426258493,-0.8282607978366201,0.9450435294313104,-0.8764260820187134,-0.9941225587676222,-0.833157632861068,0.3504936932823469,0.007466461903769004,-0.006374250682586973,0.9286398561033321,2140,6141,7746
14,50,45,20,0.9285981199025112,-0.9859718580311113,-0.8170679306330831,0.9343799922851388,-0.8744493004766135,-0.9931752125603572,-0.8226825642644885,0.33474116774156726,0.00753293574098803,-0.006432911499772564,0.9285981199025112,2038,5865,7396
14,55,45,20,0.9282140807043536,-0.9812087953449565,-0.7963787007680123,0.8919813485742326,-0.8928199026145175,-0.9924186870017365,-0.8024624195398881,0.3076308429884139,0.0076355494179741685,-0.006499339002676246,0.9282140807043536,1882,5390,6822
18,65,45,30,0.9279976513220705,-0.93330207196418,-0.6551857534661569,0.7627158896558974,-0.8590167877081292,-0.9682622405047214,-0.6766614725413969,0.19770561041036472,0.007923154671970235,-0.006673126975872072,0.9279976513220705,1262,3464,4432
18,65,45,40,0.9276685360054803,-0.933738302871275,-0.6563552001090824,0.7625617286523683,-0.8607240246229265,-0.9686178062730946,-0.6776204152538859,0.19719194109925234,0.00793006476579981,-0.006679027336341392,0.9276685360054803,1262,3455,4422
14,55,45,10,0.9275580800605218,-0.98126742105462,-0.7972516982876853,0.8889318203911067,-0.896864843849234,-0.9924070378341654,-0.8033515159541913,0.30591861195137265,0.007623902386002213,-0.006475905950441873,0.9275580800605218,1884,5360,6803
14,60,40,30,0.9274648438810194,-0.9588933930041912,-0.7185775504801677,0.8123211726576762,-0.8845978347815225,-0.9822952425625263,-0.7315290956775939,0.232863421037612,0.007946877850762162,-0.0066235353493086175,0.9274648438810194,1498,4080,5278
16,60,45,30,0.9274422299149987,-0.9651728325969489,-0.737761155083038,0.8271868879438596,-0.8918917427679404,-0.9836540274653899,-0.7500209773796674,0.2503852519833343,0.007799650555520844,-0.006574129437193299,0.9274422299149987,1592,4387,5612
12,60,35,30,0.9273780922532571,-0.9561876744063235,-0.7106170271102303,0.8072864978760089,-0.8802538243608454,-0.9816128481267051,-0.7239280012138808,0.22361737343758917,0.008082988949990008,-0.0067130185444921504,0.9273780922532571,1442,3918,5087
14,60,30,40,0.9273649753326784,-0.9086038102293185,-0.6052418766588952,0.7330358111827232,-0.8256648139500337,-0.9601463944937738,-0.6303641612673055,0.16032189943496375,0.00844939495662541,-0.007004193215263306,0.9273649753326784,1076,2809,3654
10,50,40,10,0.9271626620177125,-0.9879986596899291,-0.8299016327356817,0.9400950045667064,-0.8827848554712688,-0.9939592305037073,-0.8349453451074786,0.3430169510872667,0.007503253342442918,-0.006421594054174942,0.9271626620177125,2058,6010,7574
12,60,40,20,0.9271374530165379,-0.9718141454584326,-0.7598797933151239,0.8484149541401463,-0.8956463928494149,-0.9873374322079093,-0.7696252248999222,0.26282746418583414,0.007883817048130126,-0.006612316661415866,0.9271374530165379,1640,4605,5922
16,60,45,10,0.9269057318729281,-0.9652393631514643,-0.7384805538274677,0.8250292806031821,-0.8950961756018667,-0.9836090473494888,-0.7507866624625262,0.2491866902574054,0.007791098517475386,-0.0065579658946129825,0.9269057318729281,1592,4366,5596
14,60,35,20,0.9268208877491206,-0.938782357656953,-0.6668175258507822,0.7739707759796555,-0.8615538810322085,-0.9732657221356862,-0.6851340910142718,0.1923976941955368,0.008258493451971435,-0.006840696636923159,0.9268208877491206,1284,3371,4391
10,55,45,10,0.9268076193806459,-0.9893085966387988,-0.838569919017765,0.946108683701398,-0.8863357175172346,-0.9957481313283635,-0.8421506329106366,0.35380400662062667,0.0074500820029171555,-0.0064057402229379945,0.9268076193806459,2096,6199,7779
18,65,45,20,0.9267373467929068,-0.9360136902280658,-0.6620924681431914,0.7633730694281619,-0.8673248961207931,-0.9695525457786122,-0.6828845646643001,0.19776268477826608,0.007921758597113224,-0.006681445748208934,0.9267373467929068,1262,3465,4433
14,65,35,40,0.9266380784494944,-0.9035921795481743,-0.597545088633459,0.722633052219215,-0.8268997478020008,-0.9566533082485487,-0.6246203127938282,0.1548998344843331,0.008471989214701742,-0.007057261797345194,0.9266380784494944,1040,2714,3516
10,55,45,40,0.92662364576611,-0.9842059749671082,-0.8128057285084457,0.8951562280377722,-0.9080043271219338,-0.9940472408172879,-0.8176731397998462,0.3232121454254894,0.007472853058129975,-0.006383820837733657,0.92662364576611,1984,5663,7154
18,65,45,10,0.9266020057182622,-0.9352101739352926,-0.660675770202638,0.7607112192018239,-0.8684974712162808,-0.9690261924394463,-0.681793511215047,0.1967924205239427,0.00791434162589391,-0.006656925486495699,0.9266020057182622,1262,3448,4424
16,60,45,20,0.9265353628616535,-0.9664898982281426,-0.7426008907575206,0.8279491820769141,-0.8969160267719608,-0.9842721862258949,-0.754467007347793,0.2503852519833343,0.007802931657909951,-0.00658215940559723,0.9265353628616535,1592,4387,5613
10,55,45,20,0.926527768639343,-0.989683461479511,-0.8411041354699973,0.9482350715946585,-0.8870206984176426,-0.9958927857789905,-0.8445729776143351,0.3549454939786542,0.007459764246247078,-0.006422666755754568,0.926527768639343,2092,6219,7796
12,60,40,40,0.9265240809440789,-0.9716290372086213,-0.7596950504252363,0.8454543097755051,-0.8985642886212969,-0.9874590475037985,-0.7693433488160064,0.26071571257348325,0.007871868203687155,-0.006600394169659108,0.9265240809440789,1638,4568,5880
12,60,35,40,0.9262667197440171,-0.9572077514985863,-0.7143660245399468,0.8057086306745361,-0.8866307215077023,-0.9823294879246692,-0.7272163091114786,0.22253296044746304,0.008074383011222337,-0.0067117044532074765,0.9262667197440171,1442,3899,5064
12,60,35,10,0.9261732359461666,-0.9573896365668948,-0.7150447659489244,0.8054207599783059,-0.8877903345428845,-0.982033757598077,-0.7281264624729684,0.22253296044746304,0.008078653236726253,-0.006700054911728104,0.9261732359461666,1442,3899,5076
14,60,35,10,0.9261508947524438,-0.9394449989108692,-0.6689686088008863,0.7726450507353875,-0.8658162090913232,-0.9734315796434247,-0.6872271485643957,0.19171280178072028,0.00825522970207249,-0.006832584981442442,0.9261508947524438,1284,3359,4382
14,65,35,30,0.9260583327482778,-0.9051410886624416,-0.6007766784553418,0.7226824093629888,-0.8313149326339612,-0.9566533082485484,-0.6279983284176902,0.15501398322013585,0.008468468574502452,-0.007047910853603201,0.9260583327482778,1042,2716,3524
14,65,35,20,0.9260583327482778,-0.9051410886624416,-0.6007766784553418,0.7226824093629888,-0.8313149326339612,-0.9566533082485484,-0.6279983284176902,0.15501398322013585,0.008468468574502452,-0.007047910853603201,0.9260583327482778,1042,2716,3524
14,55,45,30,0.9259012811711136,-0.9829666814644827,-0.8063357089638645,0.8908312366392247,-0.9051497924633509,-0.9931279062951284,-0.8119152667574375,0.30706009930940015,0.007625368514067366,-0.0064957660930386445,0.9259012811711136,1886,5380,6821
18,60,35,10,0.92574321990764,-0.8999177766834412,-0.5908869948978828,0.7197518327584048,-0.8209593473813669,-0.9541365375081261,-0.6192897679414675,0.14685234861023913,0.008661040331003065,-0.007109390235861699,0.92574321990764,1036,2573,3386
14,65,35,10,0.9256513997206959,-0.9053052125206107,-0.601548690938748,0.7212207395445407,-0.8340701507261604,-0.9565261848133307,-0.6288888903298996,0.15450031390902347,0.008464210224584637,-0.007036090224235787,0.9256513997206959,1042,2707,3518
14,60,40,40,0.9255919727949128,-0.9610632819350756,-0.7263928496374356,0.8110102643254051,-0.8956641877296658,-0.9834992545681889,-0.7385799696984647,0.23177900804748588,0.00793990342662809,-0.0066253381379662675,0.9255919727949128,1498,4061,5258
12,60,40,10,0.9255456806985649,-0.9728243617149286,-0.7648843592035133,0.8451103004971208,-0.9050704490923658,-0.9877342476969964,-0.7743827461555773,0.26088693567718735,0.00787385751702545,-0.006587613810157543,0.9255456806985649,1642,4571,5903
12,65,45,20,0.9255112907517152,-0.9714719781391121,-0.7605905263420194,0.8374328295577892,-0.9082406367369825,-0.9869561907840685,-0.7706426419371085,0.2645396952228754,0.007664243926814823,-0.006529918394614623,0.9255112907517152,1596,4635,5878
10,50,45,40,0.9254796701104492,-0.9850575280465328,-0.817830296064268,0.8957128713519262,-0.9130496191596447,-0.9944211914362003,-0.8224184109382368,0.3229838479538839,0.007473651906636804,-0.006369183651454826,0.9254796701104492,2038,5659,7175
18,60,35,40,0.9254472483313247,-0.9013372523929286,-0.5934553470027213,0.7209035348189226,-0.8232104828724223,-0.954997230604565,-0.6214210135740728,0.14730894355345014,0.008657742170095576,-0.007118445113316921,0.9254472483313247,1036,2581,3392
18,60,35,20,0.9254472483313247,-0.9013372523929286,-0.5934553470027213,0.7209035348189226,-0.8232104828724223,-0.954997230604565,-0.6214210135740728,0.14730894355345014,0.008657742170095576,-0.007118445113316921,0.9254472483313247,1036,2581,3392
18,60,35,30,0.9254472483313247,-0.9013372523929286,-0.5934553470027213,0.7209035348189226,-0.8232104828724223,-0.954997230604565,-0.6214210135740728,0.14730894355345014,0.008657742170095576,-0.007118445113316921,0.9254472483313247,1036,2581,3392
10,55,45,30,0.9253620458295899,-0.9889342309705823,-0.8383673998128736,0.9287438524798594,-0.9026895818199284,-0.995784855231161,-0.8419161984726664,0.3483248673020946,0.007404042661280938,-0.006395751160071281,0.9253620458295899,2062,6103,7635
12,60,40,30,0.9252869982699807,-0.9737839505521401,-0.7684658711902846,0.8481846690589103,-0.9060124513249262,-0.9882223722227488,-0.7776244424236428,0.2624850179784259,0.007879306923182654,-0.006614239349992508,0.9252869982699807,1642,4599,5921
14,55,45,40,0.9251124000061334,-0.9821872912856063,-0.8038086684435303,0.8802296515569557,-0.9131806307839647,-0.9928099425139919,-0.8096299543577566,0.3020946293019805,0.007602017207530871,-0.006463767280152461,0.9251124000061334,1876,5293,6729
10,60,40,20,0.92488589822079,-0.9833318046698234,-0.8065241367459539,0.9016979804784244,-0.8944504193277965,-0.9931762014514396,-0.8120655081820224,0.2990126134353062,0.007720844934150845,-0.006567741573838844,0.92488589822079,1794,5239,6659
16,65,35,10,0.9248123326217234,-0.8772577818708233,-0.5553447105963036,0.6928872625775906,-0.8014936059444667,-0.9465482282654506,-0.5867051398046275,0.13070030249414988,0.008706339841566699,-0.0072271027913250845,0.9248123326217234,894,2290,2983
16,65,35,40,0.9247202993557061,-0.8784033580857138,-0.5570152001533009,0.6941969377361327,-0.8023878670075967,-0.9472932959050091,-0.5880071172900565,0.1311568974373609,0.008704799142675019,-0.007239653727730301,0.9247202993557061,894,2298,2988
16,65,35,30,0.9247202993557061,-0.8784033580857138,-0.5570152001533009,0.6941969377361327,-0.8023878670075967,-0.9472932959050091,-0.5880071172900565,0.1311568974373609,0.008704799142675019,-0.007239653727730301,0.9247202993557061,894,2298,2988
16,65,35,20,0.9247202993557061,-0.8784033580857138,-0.5570152001533009,0.6941969377361327,-0.8023878670075967,-0.9472932959050091,-0.5880071172900565,0.1311568974373609,0.008704799142675019,-0.007239653727730301,0.9247202993557061,894,2298,2988
12,65,45,30,0.92440456091287,-0.9725275373923479,-0.7652050325910221,0.8366971633837983,-0.9145543526123056,-0.9873817164531842,-0.7749840004529835,0.26402602591176305,0.007660566418889222,-0.006529686803631672,0.92440456091287,1598,4626,5871
12,65,45,10,0.9243775035182417,-0.9721707359698643,-0.7639838995735233,0.8351984182152576,-0.9147334129368765,-0.9872162473108503,-0.7738769511285842,0.2632840591290451,0.00765169328340125,-0.006513971079196567,0.9243775035182417,1598,4613,5862
14,60,35,30,0.9240652119582569,-0.9436223452945754,-0.6803717349286657,0.7735049026636369,-0.8795958921342858,-0.9753793869128914,-0.6975457386710469,0.19205524798812854,0.008249646920021654,-0.006841547901993113,0.9240652119582569,1286,3365,4391
10,50,45,30,0.9239938410697218,-0.9898991672510088,-0.8450623255752487,0.9323888074061386,-0.9063411302910982,-0.9960712635861216,-0.8483954476638543,0.3478682723588836,0.007438264970566801,-0.006371316142480061,0.9239938410697218,2164,6095,7701
10,60,40,10,0.9238299394028007,-0.9836255939329718,-0.8087787925233716,0.8985733973075604,-0.90006981616277,-0.9932651638878381,-0.8142627184846088,0.29707208492665943,0.007709415279270988,-0.006544527903406441,0.9238299394028007,1796,5205,6637
16,55,35,20,0.923346626019651,-0.9546388521804778,-0.7084503311787612,0.7950071202572784,-0.8911245108716689,-0.9801397619499297,-0.722805418861226,0.20946293019804807,0.008090854770018658,-0.0068190191007785695,0.923346626019651,1368,3670,4716
18,55,45,20,0.9226836518670961,-0.9785692007816921,-0.7888996727088704,0.8581718108850712,-0.9192794061777008,-0.9908880130091853,-0.7961542196005529,0.27258718109696933,0.007772873081755143,-0.006560245681728418,0.9226836518670961,1746,4776,6133
18,55,45,30,0.9223408064512862,-0.9787693348316033,-0.7900128762511677,0.8574904910357088,-0.9213080314126408,-0.990973106376009,-0.7972091988855748,0.2722447348895611,0.007771739181988566,-0.006557760504534957,0.9223408064512862,1746,4770,6129
16,55,35,30,0.9221878999869727,-0.9562451619568081,-0.7136912140116505,0.7948590971524842,-0.8978839351130147,-0.9808430442977881,-0.7276303973003154,0.20917755835854118,0.008088533921114272,-0.0068235639539444065,0.9221878999869727,1368,3665,4711
16,65,45,40,0.9220459536533969,-0.9548297507849732,-0.7122384866435639,0.7808561654268935,-0.9121250726811944,-0.9795261793743686,-0.7271255241983186,0.2142571771017636,0.007849287515611399,-0.006635680408361519,0.9220459536533969,1362,3754,4816
14,60,35,40,0.9218005726034957,-0.9468489178960414,-0.689945520698589,0.7722635377969052,-0.8934068319046229,-0.97716138097069,-0.7060712121197552,0.19125620683750927,0.00823842733708272,-0.006843912627845819,0.9218005726034957,1286,3351,4376
16,55,35,10,0.9216814745204107,-0.9564819750978174,-0.7147915521583241,0.7934430860494595,-0.90087312464623,-0.9808577294345624,-0.7287413155936303,0.20832144284002055,0.008089654041920613,-0.006808984216613535,0.9216814745204107,1370,3650,4705
18,55,45,10,0.9209298243529065,-0.9796050248790829,-0.7945515436232693,0.8554293532124857,-0.9288336209640277,-0.9912879218368176,-0.8015345754954791,0.2709320244278295,0.007765516887564493,-0.006539441858586234,0.9209298243529065,1748,4747,6121
18,55,45,40,0.9207126920733893,-0.9798747443470782,-0.7957856609435462,0.8561440464892331,-0.9294997310403582,-0.9914832685844361,-0.8026213715938021,0.2712173962673363,0.007763721194944727,-0.006550640296274661,0.9207126920733893,1750,4752,6117
18,65,35,10,0.9204983524115142,-0.864015417145067,-0.5383505336031763,0.6728480760420872,-0.8001071159628345,-0.9361932652124121,-0.5750420918495183,0.11346384338793448,0.009003620842593261,-0.007418968744955521,0.9204983524115142,798,1988,2621
16,55,45,40,0.920004867378317,-0.9833414006223866,-0.8124165669757434,0.8672548950681083,-0.936767923243537,-0.9926673559844639,-0.8184177328668581,0.2867986987044118,0.007660157546865168,-0.006508902631431691,0.920004867378317,1814,5025,6428
16,55,35,40,0.9198526245150729,-0.9589459788225283,-0.7230010672915359,0.7933315395027921,-0.9113479438176192,-0.9820137656581517,-0.7362433120344053,0.2079789966326123,0.00808632446484433,-0.00680995068428319,0.9198526245150729,1372,3644,4704
16,65,45,30,0.9197437732383619,-0.959389971562586,-0.7260589972630528,0.7858097444023496,-0.9239628325241239,-0.9815574768926385,-0.7397009491095428,0.215684036299298,0.007853276054861818,-0.006662641267141199,0.9197437732383619,1364,3779,4843
18,65,35,20,0.9196120339517411,-0.8673924269892828,-0.5437102886519696,0.6741523128719215,-0.8065095650799409,-0.9380671145313964,-0.5796070240918482,0.1138633639632441,0.008998486629066584,-0.007433836554632075,0.9196120339517411,798,1995,2626
18,65,35,30,0.9196120339517411,-0.8673924269892828,-0.5437102886519696,0.6741523128719215,-0.8065095650799409,-0.9380671145313964,-0.5796070240918482,0.1138633639632441,0.008998486629066584,-0.007433836554632075,0.9196120339517411,798,1995,2626
18,65,35,40,0.9196120339517411,-0.8673924269892828,-0.5437102886519696,0.6741523128719215,-0.8065095650799409,-0.9380671145313964,-0.5796070240918482,0.1138633639632441,0.008998486629066584,-0.007433836554632075,0.9196120339517411,798,1995,2626
16,55,45,20,0.9193353641141013,-0.984597122057909,-0.8185790956167254,0.8737659784328865,-0.9368402018637305,-0.9932113956903871,-0.8241740873781721,0.2895953427315793,0.007667784709026463,-0.006547040978249508,0.9193353641141013,1812,5074,6464
16,55,45,30,0.9190150255842179,-0.9847057918128685,-0.8193590016824344,0.872899444089475,-0.9386636768191681,-0.99325929037407,-0.8249195447986766,0.289252896524171,0.00766312256121282,-0.006542661945712165,0.9190150255842179,1812,5068,6459
16,65,45,10,0.918684156272856,-0.9600030021885738,-0.728647793707226,0.7834123559552096,-0.9300948449029636,-0.9817510325446379,-0.7421920319437975,0.21454254894127048,0.007840273434757716,-0.006643242456048703,0.918684156272856,1364,3759,4829
16,55,45,10,0.9183049854212548,-0.9848191348651564,-0.8203951209300722,0.8705753264772819,-0.9423597200367944,-0.9932779923345683,-0.8259471439630331,0.2877689629587352,0.007655437956525471,-0.006521733058148777,0.9183049854212548,1814,5042,6445
12,60,30,20,0.9181308255689372,-0.9520287343456307,-0.7056874369337507,0.7711193958081015,-0.9151467863082593,-0.9786349942449629,-0.7210936059753341,0.18937275269676387,0.008267968253997183,-0.006900534269344806,0.9181308255689372,1242,3318,4330
16,65,45,20,0.9180442109408196,-0.961801427304128,-0.7341574078729215,0.7865492335961218,-0.9333902780838478,-0.982652608562007,-0.747117955497286,0.21574111066719937,0.007852014805982868,-0.006672914064770758,0.9180442109408196,1364,3780,4845
10,60,40,40,0.917949581147193,-0.9851088779988443,-0.8228107634494815,0.8659312635830707,-0.9502033221953851,-0.9939201521140589,-0.8278439286087224,0.2897665658352834,0.007626471195183622,-0.006499310310075448,0.917949581147193,1780,5077,6490
14,65,45,40,0.9178628002815141,-0.9695426521301308,-0.7596973819883465,0.8020428147125398,-0.9472030271359386,-0.9859766868083775,-0.7705023781520628,0.23457565207465328,0.007753382945569356,-0.006592868794629995,0.9178628002815141,1484,4110,5266
10,60,45,20,0.917859137874763,-0.9913908005609783,-0.8575973459577775,0.9275470619235351,-0.9245863430145562,-0.996610336996671,-0.8605141991023139,0.32891958221562695,0.0075580193958703435,-0.006510474399321434,0.917859137874763,1944,5763,7289
18,55,35,20,0.9171324494095646,-0.9566339406500739,-0.717725247790027,0.7825949728995727,-0.9171094533495423,-0.9810564919138358,-0.7315840155034246,0.1923976941955368,0.00830538237385098,-0.006928541648288204,0.9171324494095646,1296,3371,4406
10,60,45,10,0.9167206448752004,-0.9916252359181226,-0.8598763686394709,0.9250369270558699,-0.9295589651498708,-0.9967061932704692,-0.8627179949770135,0.32732149991438847,0.007543722895571939,-0.006491539835310037,0.9167206448752004,1948,5735,7270
12,60,30,30,0.9165628279968351,-0.9542064482793755,-0.7124746424950286,0.77098031596197,-0.9241152176577393,-0.9796048846594145,-0.727308176645872,0.18908738085725701,0.008265668120035612,-0.00690319127983061,0.9165628279968351,1244,3313,4328
10,65,40,40,0.9164853822551888,-0.9802793144313835,-0.8008421047515185,0.8383568137376017,-0.9552520974704871,-0.9912435020912215,-0.8079166249886994,0.260829861309286,0.007749486793992248,-0.006561785746372871,0.9164853822551888,1624,4570,5889
10,65,40,10,0.9163039383621894,-0.9818825159464956,-0.8076003871115802,0.8475519669631568,-0.9528623831825603,-0.9918085313600509,-0.8142704580329945,0.26533873637349464,0.007762359471836657,-0.00659137217366062,0.9163039383621894,1632,4649,5975
10,65,40,20,0.9162242724939613,-0.9824306413311829,-0.8100625399171939,0.850447495306398,-0.952513287872458,-0.9920932877404965,-0.8165185168847582,0.266765595571029,0.007773093922258616,-0.006614418095418454,0.9162242724939613,1632,4674,5995
18,55,35,30,0.9159091933996493,-0.9581696011975512,-0.7227994237250353,0.7824445161249125,-0.9237708346461779,-0.9817273114080399,-0.7362527407823278,0.1921123223560299,0.008303174033620611,-0.006933531063421539,0.9159091933996493,1296,3366,4401
18,55,35,10,0.9158666188061911,-0.9577346897274689,-0.7216706151518868,0.7810448774806151,-0.9239809849079998,-0.9814510910636376,-0.7353098098548992,0.19131328120541066,0.008306853171855736,-0.006917504246246365,0.9158666188061911,1298,3352,4395
12,60,30,10,0.9156680638786383,-0.9547893236087274,-0.7147100188428475,0.7691734119279505,-0.9291923092497577,-0.9797704276694857,-0.7294668206539774,0.18811711660293362,0.008263543116158846,-0.006888628990854083,0.9156680638786383,1244,3296,4318
10,60,40,30,0.9155440442866609,-0.988494682794095,-0.841362825837205,0.8862322148514615,-0.949370618374805,-0.9952898340045101,-0.8453445389389885,0.2982135722846869,0.007639370775010485,-0.006550151252128835,0.9155440442866609,1800,5225,6656
10,50,45,20,0.9154781489784886,-0.9950664127182547,-0.8886139404349824,0.9621215930516572,-0.9235983755613225,-0.9976328723324923,-0.8907223940580259,0.36453398778608526,0.00744334446484156,-0.006378021121431047,0.9154781489784886,2300,6387,8142
10,60,45,40,0.9153033810456505,-0.9890721077756068,-0.8462484777423716,0.8805695086027049,-0.9610240525875189,-0.9957577499046405,-0.849853769979107,0.3070030249414988,0.007523302131617725,-0.006449670406799869,0.9153033810456505,1894,5379,6855
14,65,45,10,0.9150449524345218,-0.9735489526183011,-0.7751174367891319,0.8071230917716135,-0.9603460050780731,-0.9877406930701443,-0.7847377780699443,0.23680155242280693,0.007747256427415464,-0.006604180670910681,0.9150449524345218,1492,4149,5319
14,65,45,20,0.9147191088023178,-0.9745448476626718,-0.7788357837235047,0.8102011538094099,-0.9612869348081877,-0.9882571128959122,-0.7880902384211175,0.23811426288453855,0.007758095322943357,-0.006631256676943912,0.9147191088023178,1492,4172,5336
12,60,30,40,0.9146833443982452,-0.9562141997903713,-0.7191632315207294,0.7695092937727227,-0.9345738087123568,-0.9804990787566927,-0.7334665040508285,0.1884024884424405,0.008249206601722335,-0.006892927806693753,0.9146833443982452,1246,3301,4319
10,50,45,10,0.9146659230301836,-0.9952402828432806,-0.8907336810671188,0.9607968549840583,-0.927078056559519,-0.9977550622758371,-0.8927378218812471,0.36464813652188804,0.007428107483122519,-0.006364794661344458,0.9146659230301836,2312,6389,8152
14,65,45,30,0.9144773564336524,-0.9745848303001381,-0.7792175164711662,0.8090516588931788,-0.9631245519441527,-0.9882755575546467,-0.788461791364378,0.23788596541293305,0.007750405445547876,-0.006622564014280197,0.9144773564336524,1494,4168,5334
10,65,45,40,0.9142364170627391,-0.9853801989817521,-0.8261800244499359,0.8543379005296274,-0.9670412888597876,-0.9938277362697207,-0.8313110957749665,0.2794361052451344,0.007618998985296411,-0.006489890179643127,0.9142364170627391,1748,4896,6287
10,65,40,30,0.9142122579039305,-0.9836948412363161,-0.8172407432938573,0.8490511087002578,-0.962534216043724,-0.9926622137369884,-0.8232818092443176,0.26653729809942356,0.007756407198353053,-0.0066068795975133205,0.9142122579039305,1636,4670,5997
18,55,35,40,0.9136129471679421,-0.9606346178422291,-0.7313819525074843,0.7810431596570108,-0.9364168208433772,-0.9828040996484513,-0.7441787765935239,0.19154157867701616,0.008284433160268717,-0.006920955221841668,0.9136129471679421,1300,3356,4397
12,60,45,40,0.9131166930724577,-0.9882379737936228,-0.84222251184646,0.8681177126098513,-0.9701708646336202,-0.9949942932829415,-0.8464596405549046,0.29050853261800125,0.007625122686618227,-0.006481371623912857,0.9131166930724577,1824,5090,6558
14,60,45,10,0.9118338674627913,-0.9859096386074808,-0.8297271878911687,0.8516592205973984,-0.9742478773483537,-0.9936148552819866,-0.8350591614853556,0.271616916842646,0.007694299382851311,-0.0065244064637218924,0.9118338674627913,1730,4759,6155
10,65,45,20,0.9117392251962351,-0.9900127997142638,-0.8533036684122287,0.8781444608998937,-0.9717121799501998,-0.9958231643355113,-0.856882726745584,0.2990696878032076,0.00756732151138039,-0.006519464020501097,0.9117392251962351,1788,5240,6671
10,65,45,10,0.9115827725854411,-0.9898373552654018,-0.8523120750249371,0.8759076981828642,-0.9730615186886952,-0.9957543699442036,-0.8559461055367458,0.29798527481308146,0.007553518103941803,-0.0065016571163047385,0.9115827725854411,1790,5221,6654
14,60,45,20,0.911516010494333,-0.9864861539095849,-0.8328305518564055,0.8545547196628366,-0.9745783771283806,-0.9939045787963869,-0.8379381377485541,0.2729296273043776,0.007706363214674924,-0.0065482932428398335,0.911516010494333,1730,4782,6174
10,65,45,30,0.9114731403521898,-0.9894733593607672,-0.8502519377157454,0.871638475584316,-0.9754639813780205,-0.9955736356429731,-0.8540321953851516,0.29547400262542095,0.007552275341691739,-0.006506224266839238,0.9114731403521898,1778,5177,6593
12,60,45,20,0.9110766697306869,-0.9907497353641316,-0.8584260313301445,0.881356027284495,-0.9739832766277221,-0.9960939789903107,-0.8617922098076397,0.29981165458592546,0.007625529354637481,-0.006521293162626385,0.9110766697306869,1838,5253,6742
10,60,45,30,0.9104939994148777,-0.9933189939994977,-0.8767441604799286,0.9076743935135169,-0.9659236470097384,-0.9973552212293291,-0.8790691037835682,0.3248102277267279,0.007483603538217997,-0.006488543847441267,0.9104939994148777,1938,5691,7209
14,60,45,40,0.9099495185976667,-0.9862513506171162,-0.8327160624552467,0.8453531956042435,-0.9850510612431481,-0.9938106626511626,-0.8379021213495857,0.2685349009759717,0.00768006390716792,-0.006509945114986852,0.9099495185976667,1726,4705,6100
12,60,45,10,0.9087444212313525,-0.9914081926995985,-0.8639009148892363,0.8784921752476055,-0.9833905630926575,-0.9963550732476437,-0.867061289780289,0.2979282004451801,0.00760892609729368,-0.006502099380054373,0.9087444212313525,1842,5220,6722
14,60,45,30,0.9087128853404761,-0.987852611086494,-0.8417202280509997,0.8529796966665405,-0.9867998398325973,-0.9945209193995161,-0.8463574889497786,0.27241595799326523,0.007688689947766169,-0.006542154844512262,0.9087128853404761,1734,4773,6173
12,60,45,30,0.908282266390295,-0.9917806213499569,-0.8666510801446143,0.880463066285057,-0.9843128159836169,-0.9965135028267711,-0.8696832282615529,0.2990126134353062,0.007616455604560734,-0.006522932409663982,0.908282266390295,1842,5239,6735
