lookback,objective_value,total_return,annualized_return,volatility,sharpe_ratio,max_drawdown,calmar_ratio,win_rate,avg_win,avg_loss,profit_factor,total_trades,winning_trades,losing_trades
1447,1.0282303131558397,0.5920553184160826,0.3933617170010939,0.44527037472126757,0.8834221617535915,-0.44740976773123176,0.8791978749051236,0.43393641915415787,0.0031785094064999317,-0.003162367859315068,1.0282303131558397,7,7603,7432
1446,1.0282303131558397,0.5920553184160826,0.3933617170010939,0.44527037472126757,0.8834221617535915,-0.44740976773123176,0.8791978749051236,0.43393641915415787,0.0031785094064999317,-0.003162367859315068,1.0282303131558397,7,7603,7432
1445,1.0282303131558397,0.5920553184160826,0.3933617170010939,0.44527037472126757,0.8834221617535915,-0.44740976773123176,0.8791978749051236,0.43393641915415787,0.0031785094064999317,-0.003162367859315068,1.0282303131558397,7,7603,7432
1452,1.0282303131558397,0.5920553184160826,0.3933617170010939,0.44527037472126757,0.8834221617535915,-0.44740976773123176,0.8791978749051236,0.43393641915415787,0.0031785094064999317,-0.003162367859315068,1.0282303131558397,7,7603,7432
1451,1.0282303131558397,0.5920553184160826,0.3933617170010939,0.44527037472126757,0.8834221617535915,-0.44740976773123176,0.8791978749051236,0.43393641915415787,0.0031785094064999317,-0.003162367859315068,1.0282303131558397,7,7603,7432
1450,1.0282303131558397,0.5920553184160826,0.3933617170010939,0.44527037472126757,0.8834221617535915,-0.44740976773123176,0.8791978749051236,0.43393641915415787,0.0031785094064999317,-0.003162367859315068,1.0282303131558397,7,7603,7432
1449,1.0282303131558397,0.5920553184160826,0.3933617170010939,0.44527037472126757,0.8834221617535915,-0.44740976773123176,0.8791978749051236,0.43393641915415787,0.0031785094064999317,-0.003162367859315068,1.0282303131558397,7,7603,7432
1448,1.0282303131558397,0.5920553184160826,0.3933617170010939,0.44527037472126757,0.8834221617535915,-0.44740976773123176,0.8791978749051236,0.43393641915415787,0.0031785094064999317,-0.003162367859315068,1.0282303131558397,7,7603,7432
1440,1.0282303131558397,0.5920553184160826,0.3933617170010939,0.44527037472126757,0.8834221617535915,-0.44740976773123176,0.8791978749051236,0.43393641915415787,0.0031785094064999317,-0.003162367859315068,1.0282303131558397,7,7603,7432
1441,1.0282303131558397,0.5920553184160826,0.3933617170010939,0.44527037472126757,0.8834221617535915,-0.44740976773123176,0.8791978749051236,0.43393641915415787,0.0031785094064999317,-0.003162367859315068,1.0282303131558397,7,7603,7432
1442,1.0282303131558397,0.5920553184160826,0.3933617170010939,0.44527037472126757,0.8834221617535915,-0.44740976773123176,0.8791978749051236,0.43393641915415787,0.0031785094064999317,-0.003162367859315068,1.0282303131558397,7,7603,7432
1443,1.0282303131558397,0.5920553184160826,0.3933617170010939,0.44527037472126757,0.8834221617535915,-0.44740976773123176,0.8791978749051236,0.43393641915415787,0.0031785094064999317,-0.003162367859315068,1.0282303131558397,7,7603,7432
1444,1.0282303131558397,0.5920553184160826,0.3933617170010939,0.44527037472126757,0.8834221617535915,-0.44740976773123176,0.8791978749051236,0.43393641915415787,0.0031785094064999317,-0.003162367859315068,1.0282303131558397,7,7603,7432
1439,1.0282303131558397,0.5920553184160826,0.3933617170010939,0.44527037472126757,0.8834221617535915,-0.44740976773123176,0.8791978749051236,0.43393641915415787,0.0031785094064999317,-0.003162367859315068,1.0282303131558397,7,7603,7432
1437,1.0282303131558397,0.5920553184160826,0.3933617170010939,0.44527037472126757,0.8834221617535915,-0.44740976773123176,0.8791978749051236,0.43393641915415787,0.0031785094064999317,-0.003162367859315068,1.0282303131558397,7,7603,7432
1438,1.0282303131558397,0.5920553184160826,0.3933617170010939,0.44527037472126757,0.8834221617535915,-0.44740976773123176,0.8791978749051236,0.43393641915415787,0.0031785094064999317,-0.003162367859315068,1.0282303131558397,7,7603,7432
1432,1.0282303131558397,0.5920553184160826,0.3933617170010939,0.44527037472126757,0.8834221617535915,-0.44740976773123176,0.8791978749051236,0.43393641915415787,0.0031785094064999317,-0.003162367859315068,1.0282303131558397,7,7603,7432
1433,1.0282303131558397,0.5920553184160826,0.3933617170010939,0.44527037472126757,0.8834221617535915,-0.44740976773123176,0.8791978749051236,0.43393641915415787,0.0031785094064999317,-0.003162367859315068,1.0282303131558397,7,7603,7432
1434,1.0282303131558397,0.5920553184160826,0.3933617170010939,0.44527037472126757,0.8834221617535915,-0.44740976773123176,0.8791978749051236,0.43393641915415787,0.0031785094064999317,-0.003162367859315068,1.0282303131558397,7,7603,7432
1435,1.0282303131558397,0.5920553184160826,0.3933617170010939,0.44527037472126757,0.8834221617535915,-0.44740976773123176,0.8791978749051236,0.43393641915415787,0.0031785094064999317,-0.003162367859315068,1.0282303131558397,7,7603,7432
1436,1.0282303131558397,0.5920553184160826,0.3933617170010939,0.44527037472126757,0.8834221617535915,-0.44740976773123176,0.8791978749051236,0.43393641915415787,0.0031785094064999317,-0.003162367859315068,1.0282303131558397,7,7603,7432
1429,1.0282303131558397,0.5920553184160826,0.3933617170010939,0.44527037472126757,0.8834221617535915,-0.44740976773123176,0.8791978749051236,0.43393641915415787,0.0031785094064999317,-0.003162367859315068,1.0282303131558397,7,7603,7432
1431,1.0282303131558397,0.5920553184160826,0.3933617170010939,0.44527037472126757,0.8834221617535915,-0.44740976773123176,0.8791978749051236,0.43393641915415787,0.0031785094064999317,-0.003162367859315068,1.0282303131558397,7,7603,7432
1430,1.0282303131558397,0.5920553184160826,0.3933617170010939,0.44527037472126757,0.8834221617535915,-0.44740976773123176,0.8791978749051236,0.43393641915415787,0.0031785094064999317,-0.003162367859315068,1.0282303131558397,7,7603,7432
1454,1.0282303131558397,0.5920553184160826,0.3933617170010939,0.44527037472126757,0.8834221617535915,-0.44740976773123176,0.8791978749051236,0.43393641915415787,0.0031785094064999317,-0.003162367859315068,1.0282303131558397,7,7603,7432
1453,1.0282303131558397,0.5920553184160826,0.3933617170010939,0.44527037472126757,0.8834221617535915,-0.44740976773123176,0.8791978749051236,0.43393641915415787,0.0031785094064999317,-0.003162367859315068,1.0282303131558397,7,7603,7432
1455,1.0282303131558397,0.5920553184160826,0.3933617170010939,0.44527037472126757,0.8834221617535915,-0.44740976773123176,0.8791978749051236,0.43393641915415787,0.0031785094064999317,-0.003162367859315068,1.0282303131558397,7,7603,7432
1468,1.0282303131558397,0.5920553184160826,0.3933617170010939,0.44527037472126757,0.8834221617535915,-0.44740976773123176,0.8791978749051236,0.43393641915415787,0.0031785094064999317,-0.003162367859315068,1.0282303131558397,7,7603,7432
1467,1.0282303131558397,0.5920553184160826,0.3933617170010939,0.44527037472126757,0.8834221617535915,-0.44740976773123176,0.8791978749051236,0.43393641915415787,0.0031785094064999317,-0.003162367859315068,1.0282303131558397,7,7603,7432
1466,1.0282303131558397,0.5920553184160826,0.3933617170010939,0.44527037472126757,0.8834221617535915,-0.44740976773123176,0.8791978749051236,0.43393641915415787,0.0031785094064999317,-0.003162367859315068,1.0282303131558397,7,7603,7432
1465,1.0282303131558397,0.5920553184160826,0.3933617170010939,0.44527037472126757,0.8834221617535915,-0.44740976773123176,0.8791978749051236,0.43393641915415787,0.0031785094064999317,-0.003162367859315068,1.0282303131558397,7,7603,7432
1464,1.0282303131558397,0.5920553184160826,0.3933617170010939,0.44527037472126757,0.8834221617535915,-0.44740976773123176,0.8791978749051236,0.43393641915415787,0.0031785094064999317,-0.003162367859315068,1.0282303131558397,7,7603,7432
1463,1.0282303131558397,0.5920553184160826,0.3933617170010939,0.44527037472126757,0.8834221617535915,-0.44740976773123176,0.8791978749051236,0.43393641915415787,0.0031785094064999317,-0.003162367859315068,1.0282303131558397,7,7603,7432
1462,1.0282303131558397,0.5920553184160826,0.3933617170010939,0.44527037472126757,0.8834221617535915,-0.44740976773123176,0.8791978749051236,0.43393641915415787,0.0031785094064999317,-0.003162367859315068,1.0282303131558397,7,7603,7432
1461,1.0282303131558397,0.5920553184160826,0.3933617170010939,0.44527037472126757,0.8834221617535915,-0.44740976773123176,0.8791978749051236,0.43393641915415787,0.0031785094064999317,-0.003162367859315068,1.0282303131558397,7,7603,7432
1460,1.0282303131558397,0.5920553184160826,0.3933617170010939,0.44527037472126757,0.8834221617535915,-0.44740976773123176,0.8791978749051236,0.43393641915415787,0.0031785094064999317,-0.003162367859315068,1.0282303131558397,7,7603,7432
1459,1.0282303131558397,0.5920553184160826,0.3933617170010939,0.44527037472126757,0.8834221617535915,-0.44740976773123176,0.8791978749051236,0.43393641915415787,0.0031785094064999317,-0.003162367859315068,1.0282303131558397,7,7603,7432
1458,1.0282303131558397,0.5920553184160826,0.3933617170010939,0.44527037472126757,0.8834221617535915,-0.44740976773123176,0.8791978749051236,0.43393641915415787,0.0031785094064999317,-0.003162367859315068,1.0282303131558397,7,7603,7432
1457,1.0282303131558397,0.5920553184160826,0.3933617170010939,0.44527037472126757,0.8834221617535915,-0.44740976773123176,0.8791978749051236,0.43393641915415787,0.0031785094064999317,-0.003162367859315068,1.0282303131558397,7,7603,7432
1456,1.0282303131558397,0.5920553184160826,0.3933617170010939,0.44527037472126757,0.8834221617535915,-0.44740976773123176,0.8791978749051236,0.43393641915415787,0.0031785094064999317,-0.003162367859315068,1.0282303131558397,7,7603,7432
1469,1.0282303131558397,0.5920553184160826,0.3933617170010939,0.44527037472126757,0.8834221617535915,-0.44740976773123176,0.8791978749051236,0.43393641915415787,0.0031785094064999317,-0.003162367859315068,1.0282303131558397,7,7603,7432
1470,1.0282303131558397,0.5920553184160826,0.3933617170010939,0.44527037472126757,0.8834221617535915,-0.44740976773123176,0.8791978749051236,0.43393641915415787,0.0031785094064999317,-0.003162367859315068,1.0282303131558397,7,7603,7432
1484,1.0277885135356195,0.5762250776663507,0.38624577841749463,0.44501571664920503,0.8679373873034751,-0.4529043232982275,0.8528198088388755,0.43382227041835514,0.003178672071912713,-0.003162205882356743,1.0277885135356195,7,7601,7434
1491,1.0277885135356195,0.5762250776663507,0.38624577841749463,0.44501571664920503,0.8679373873034751,-0.4529043232982275,0.8528198088388755,0.43382227041835514,0.003178672071912713,-0.003162205882356743,1.0277885135356195,7,7601,7434
1492,1.0277885135356195,0.5762250776663507,0.38624577841749463,0.44501571664920503,0.8679373873034751,-0.4529043232982275,0.8528198088388755,0.43382227041835514,0.003178672071912713,-0.003162205882356743,1.0277885135356195,7,7601,7434
1487,1.0277885135356195,0.5762250776663507,0.38624577841749463,0.44501571664920503,0.8679373873034751,-0.4529043232982275,0.8528198088388755,0.43382227041835514,0.003178672071912713,-0.003162205882356743,1.0277885135356195,7,7601,7434
1485,1.0277885135356195,0.5762250776663507,0.38624577841749463,0.44501571664920503,0.8679373873034751,-0.4529043232982275,0.8528198088388755,0.43382227041835514,0.003178672071912713,-0.003162205882356743,1.0277885135356195,7,7601,7434
1486,1.0277885135356195,0.5762250776663507,0.38624577841749463,0.44501571664920503,0.8679373873034751,-0.4529043232982275,0.8528198088388755,0.43382227041835514,0.003178672071912713,-0.003162205882356743,1.0277885135356195,7,7601,7434
1488,1.0277885135356195,0.5762250776663507,0.38624577841749463,0.44501571664920503,0.8679373873034751,-0.4529043232982275,0.8528198088388755,0.43382227041835514,0.003178672071912713,-0.003162205882356743,1.0277885135356195,7,7601,7434
1489,1.0277885135356195,0.5762250776663507,0.38624577841749463,0.44501571664920503,0.8679373873034751,-0.4529043232982275,0.8528198088388755,0.43382227041835514,0.003178672071912713,-0.003162205882356743,1.0277885135356195,7,7601,7434
1490,1.0277885135356195,0.5762250776663507,0.38624577841749463,0.44501571664920503,0.8679373873034751,-0.4529043232982275,0.8528198088388755,0.43382227041835514,0.003178672071912713,-0.003162205882356743,1.0277885135356195,7,7601,7434
1472,1.0277818652160644,0.5755648884949844,0.38613895022553857,0.44528879208710753,0.8671652129748686,-0.45313346991349995,0.8521527891092437,0.4340505678899606,0.003176990051994183,-0.003163918654459327,1.0277818652160644,7,7605,7430
1471,1.0277818652160644,0.5755648884949844,0.38613895022553857,0.44528879208710753,0.8671652129748686,-0.45313346991349995,0.8521527891092437,0.4340505678899606,0.003176990051994183,-0.003163918654459327,1.0277818652160644,7,7605,7430
1477,1.0277818652160644,0.5755648884949844,0.38613895022553857,0.44528879208710753,0.8671652129748686,-0.45313346991349995,0.8521527891092437,0.4340505678899606,0.003176990051994183,-0.003163918654459327,1.0277818652160644,7,7605,7430
1478,1.0277818652160644,0.5755648884949844,0.38613895022553857,0.44528879208710753,0.8671652129748686,-0.45313346991349995,0.8521527891092437,0.4340505678899606,0.003176990051994183,-0.003163918654459327,1.0277818652160644,7,7605,7430
1479,1.0277818652160644,0.5755648884949844,0.38613895022553857,0.44528879208710753,0.8671652129748686,-0.45313346991349995,0.8521527891092437,0.4340505678899606,0.003176990051994183,-0.003163918654459327,1.0277818652160644,7,7605,7430
1480,1.0277818652160644,0.5755648884949844,0.38613895022553857,0.44528879208710753,0.8671652129748686,-0.45313346991349995,0.8521527891092437,0.4340505678899606,0.003176990051994183,-0.003163918654459327,1.0277818652160644,7,7605,7430
1481,1.0277818652160644,0.5755648884949844,0.38613895022553857,0.44528879208710753,0.8671652129748686,-0.45313346991349995,0.8521527891092437,0.4340505678899606,0.003176990051994183,-0.003163918654459327,1.0277818652160644,7,7605,7430
1482,1.0277818652160644,0.5755648884949844,0.38613895022553857,0.44528879208710753,0.8671652129748686,-0.45313346991349995,0.8521527891092437,0.4340505678899606,0.003176990051994183,-0.003163918654459327,1.0277818652160644,7,7605,7430
1483,1.0277818652160644,0.5755648884949844,0.38613895022553857,0.44528879208710753,0.8671652129748686,-0.45313346991349995,0.8521527891092437,0.4340505678899606,0.003176990051994183,-0.003163918654459327,1.0277818652160644,7,7605,7430
1476,1.0277818652160644,0.5755648884949844,0.38613895022553857,0.44528879208710753,0.8671652129748686,-0.45313346991349995,0.8521527891092437,0.4340505678899606,0.003176990051994183,-0.003163918654459327,1.0277818652160644,7,7605,7430
1473,1.0277818652160644,0.5755648884949844,0.38613895022553857,0.44528879208710753,0.8671652129748686,-0.45313346991349995,0.8521527891092437,0.4340505678899606,0.003176990051994183,-0.003163918654459327,1.0277818652160644,7,7605,7430
1474,1.0277818652160644,0.5755648884949844,0.38613895022553857,0.44528879208710753,0.8671652129748686,-0.45313346991349995,0.8521527891092437,0.4340505678899606,0.003176990051994183,-0.003163918654459327,1.0277818652160644,7,7605,7430
1475,1.0277818652160644,0.5755648884949844,0.38613895022553857,0.44528879208710753,0.8671652129748686,-0.45313346991349995,0.8521527891092437,0.4340505678899606,0.003176990051994183,-0.003163918654459327,1.0277818652160644,7,7605,7430
1494,1.027713431308081,0.5735169067512829,0.3850397610429248,0.4449930462880012,0.8652714109912756,-0.44590091670132753,0.8635096870653697,0.4338793447862565,0.0031781394330084745,-0.003162748416294651,1.027713431308081,7,7602,7433
1493,1.027713431308081,0.5735169067512829,0.3850397610429248,0.4449930462880012,0.8652714109912756,-0.44590091670132753,0.8635096870653697,0.4338793447862565,0.0031781394330084745,-0.003162748416294651,1.027713431308081,7,7602,7433
1495,1.027713431308081,0.5735169067512829,0.3850397610429248,0.4449930462880012,0.8652714109912756,-0.44590091670132753,0.8635096870653697,0.4338793447862565,0.0031781394330084745,-0.003162748416294651,1.027713431308081,7,7602,7433
1496,1.0251212012699273,0.4814456804981915,0.3439857175698122,0.44508478565924064,0.7728543609063501,-0.44590091670132753,0.7714398080060914,0.4338793447862565,0.0031741809987834895,-0.0031667968512439763,1.0251212012699273,7,7602,7433
1498,1.0251212012699273,0.4814456804981915,0.3439857175698122,0.44508478565924064,0.7728543609063501,-0.44590091670132753,0.7714398080060914,0.4338793447862565,0.0031741809987834895,-0.0031667968512439763,1.0251212012699273,7,7602,7433
1497,1.0251212012699273,0.4814456804981915,0.3439857175698122,0.44508478565924064,0.7728543609063501,-0.44590091670132753,0.7714398080060914,0.4338793447862565,0.0031741809987834895,-0.0031667968512439763,1.0251212012699273,7,7602,7433
1499,1.0251212012699273,0.4814456804981915,0.3439857175698122,0.44508478565924064,0.7728543609063501,-0.44590091670132753,0.7714398080060914,0.4338793447862565,0.0031741809987834895,-0.0031667968512439763,1.0251212012699273,7,7602,7433
1500,1.0243855690161257,0.4562788194229088,0.3325397799076253,0.44511442710639015,0.7470882983268086,-0.4553139750637703,0.7303526755598716,0.43382227041835514,0.0031734732660233266,-0.0031675214760566663,1.0243855690161257,7,7601,7434
1504,1.0243855690161257,0.4562788194229088,0.3325397799076253,0.44511442710639015,0.7470882983268086,-0.4553139750637703,0.7303526755598716,0.43382227041835514,0.0031734732660233266,-0.0031675214760566663,1.0243855690161257,7,7601,7434
1505,1.0243855690161257,0.4562788194229088,0.3325397799076253,0.44511442710639015,0.7470882983268086,-0.4553139750637703,0.7303526755598716,0.43382227041835514,0.0031734732660233266,-0.0031675214760566663,1.0243855690161257,7,7601,7434
1506,1.0243855690161257,0.4562788194229088,0.3325397799076253,0.44511442710639015,0.7470882983268086,-0.4553139750637703,0.7303526755598716,0.43382227041835514,0.0031734732660233266,-0.0031675214760566663,1.0243855690161257,7,7601,7434
1507,1.0243855690161257,0.4562788194229088,0.3325397799076253,0.44511442710639015,0.7470882983268086,-0.4553139750637703,0.7303526755598716,0.43382227041835514,0.0031734732660233266,-0.0031675214760566663,1.0243855690161257,7,7601,7434
1508,1.0243855690161257,0.4562788194229088,0.3325397799076253,0.44511442710639015,0.7470882983268086,-0.4553139750637703,0.7303526755598716,0.43382227041835514,0.0031734732660233266,-0.0031675214760566663,1.0243855690161257,7,7601,7434
1509,1.0243855690161257,0.4562788194229088,0.3325397799076253,0.44511442710639015,0.7470882983268086,-0.4553139750637703,0.7303526755598716,0.43382227041835514,0.0031734732660233266,-0.0031675214760566663,1.0243855690161257,7,7601,7434
1502,1.0243855690161257,0.4562788194229088,0.3325397799076253,0.44511442710639015,0.7470882983268086,-0.4553139750637703,0.7303526755598716,0.43382227041835514,0.0031734732660233266,-0.0031675214760566663,1.0243855690161257,7,7601,7434
1503,1.0243855690161257,0.4562788194229088,0.3325397799076253,0.44511442710639015,0.7470882983268086,-0.4553139750637703,0.7303526755598716,0.43382227041835514,0.0031734732660233266,-0.0031675214760566663,1.0243855690161257,7,7601,7434
1501,1.0243855690161257,0.4562788194229088,0.3325397799076253,0.44511442710639015,0.7470882983268086,-0.4553139750637703,0.7303526755598716,0.43382227041835514,0.0031734732660233266,-0.0031675214760566663,1.0243855690161257,7,7601,7434
1510,1.0243726726805058,0.4559039961409015,0.332339919587225,0.4450672362753717,0.7467184562235443,-0.4554541686865862,0.7296890498238464,0.4337651960504537,0.0031738710902384174,-0.003167115623703644,1.0243726726805058,7,7600,7435
1512,1.0240122490353678,0.443715741173464,0.32676535412231056,0.4450902531281071,0.7341552681187562,-0.4600128919616803,0.7103395575042504,0.43370812168255235,0.003173736951059048,-0.003167253611747023,1.0240122490353678,7,7599,7436
1511,1.0240122490353678,0.443715741173464,0.32676535412231056,0.4450902531281071,0.7341552681187562,-0.4600128919616803,0.7103395575042504,0.43370812168255235,0.003173736951059048,-0.003167253611747023,1.0240122490353678,7,7599,7436
1528,1.0236150932793362,0.43049614873270325,0.3206473837867121,0.44500887722640403,0.7205415446658126,-0.4734950713865062,0.6771926534478602,0.43370812168255235,0.003173128677795089,-0.0031678752185965143,1.0236150932793362,7,7599,7436
1529,1.0236150932793362,0.43049614873270325,0.3206473837867121,0.44500887722640403,0.7205415446658126,-0.4734950713865062,0.6771926534478602,0.43370812168255235,0.003173128677795089,-0.0031678752185965143,1.0236150932793362,7,7599,7436
1530,1.0236116078093036,0.4300653825569105,0.3204203055003958,0.444960927141224,0.7201088589036924,-0.4734950713865063,0.6767130744616388,0.43330860110724273,0.003174548368891044,-0.0031685143949679653,1.0236116078093036,7,7592,7431
1531,1.0236116078093036,0.4300653825569105,0.3204203055003958,0.444960927141224,0.7201088589036924,-0.4734950713865063,0.6767130744616388,0.43330860110724273,0.003174548368891044,-0.0031685143949679653,1.0236116078093036,7,7592,7431
1532,1.0236116078093036,0.4300653825569105,0.3204203055003958,0.444960927141224,0.7201088589036924,-0.4734950713865063,0.6767130744616388,0.43330860110724273,0.003174548368891044,-0.0031685143949679653,1.0236116078093036,7,7592,7431
1526,1.0235977040248265,0.4299549302245431,0.3203801024792514,0.44497950287170396,0.7199884498311894,-0.4736942709525169,0.6763436294786143,0.43353689857884825,0.003174355239273958,-0.00316662488916838,1.0235977040248265,7,7596,7439
1527,1.0235977040248265,0.4299549302245431,0.3203801024792514,0.44497950287170396,0.7199884498311894,-0.4736942709525169,0.6763436294786143,0.43353689857884825,0.003174355239273958,-0.00316662488916838,1.0235977040248265,7,7596,7439
1513,1.0234760424810276,0.42602222554022373,0.31851148939494367,0.4449287072817532,0.7158708444345102,-0.4605548177618626,0.6915821463833547,0.4335939729467496,0.0031737509623617813,-0.0031672410442304534,1.0234760424810276,7,7597,7438
1514,1.0234760424810276,0.42602222554022373,0.31851148939494367,0.4449287072817532,0.7158708444345102,-0.4605548177618626,0.6915821463833547,0.4335939729467496,0.0031737509623617813,-0.0031672410442304534,1.0234760424810276,7,7597,7438
1517,1.0233799987853718,0.42286982571747234,0.31703805305702715,0.4449028263543012,0.7126006720500173,-0.4605548177618626,0.6883828826234467,0.43353689857884825,0.003174021568896881,-0.003166965601654504,1.0233799987853718,7,7596,7439
1515,1.0233799987853718,0.42286982571747234,0.31703805305702715,0.4449028263543012,0.7126006720500173,-0.4605548177618626,0.6883828826234467,0.43353689857884825,0.003174021568896881,-0.003166965601654504,1.0233799987853718,7,7596,7439
1516,1.0233799987853718,0.42286982571747234,0.31703805305702715,0.4449028263543012,0.7126006720500173,-0.4605548177618626,0.6883828826234467,0.43353689857884825,0.003174021568896881,-0.003166965601654504,1.0233799987853718,7,7596,7439
1521,1.0230659307969256,0.4124316494217162,0.31223035001819244,0.4449556459754229,0.7017111769280447,-0.4605548177618626,0.6779439449478004,0.433651047314651,0.0031727047176995085,-0.0031683090631931823,1.0230659307969256,7,7598,7437
1522,1.0230659307969256,0.4124316494217162,0.31223035001819244,0.4449556459754229,0.7017111769280447,-0.4605548177618626,0.6779439449478004,0.433651047314651,0.0031727047176995085,-0.0031683090631931823,1.0230659307969256,7,7598,7437
1519,1.0230659307969256,0.4124316494217162,0.31223035001819244,0.4449556459754229,0.7017111769280447,-0.4605548177618626,0.6779439449478004,0.433651047314651,0.0031727047176995085,-0.0031683090631931823,1.0230659307969256,7,7598,7437
1520,1.0230659307969256,0.4124316494217162,0.31223035001819244,0.4449556459754229,0.7017111769280447,-0.4605548177618626,0.6779439449478004,0.433651047314651,0.0031727047176995085,-0.0031683090631931823,1.0230659307969256,7,7598,7437
1518,1.0230659307969256,0.4124316494217162,0.31223035001819244,0.4449556459754229,0.7017111769280447,-0.4605548177618626,0.6779439449478004,0.433651047314651,0.0031727047176995085,-0.0031683090631931823,1.0230659307969256,7,7598,7437
1535,1.0229115654302898,0.4068936651756643,0.309706191739181,0.445004578349103,0.6959618098495577,-0.4751243180039165,0.6518424336609688,0.43325152673934136,0.003173893193074019,-0.003169184399489085,1.0229115654302898,7,7591,7432
1534,1.0229115654302898,0.4068936651756643,0.309706191739181,0.445004578349103,0.6959618098495577,-0.4751243180039165,0.6518424336609688,0.43325152673934136,0.003173893193074019,-0.003169184399489085,1.0229115654302898,7,7591,7432
1533,1.0229115654302898,0.4068936651756643,0.309706191739181,0.445004578349103,0.6959618098495577,-0.4751243180039165,0.6518424336609688,0.43325152673934136,0.003173893193074019,-0.003169184399489085,1.0229115654302898,7,7591,7432
1539,1.0229115654302898,0.4068936651756643,0.309706191739181,0.445004578349103,0.6959618098495577,-0.4751243180039165,0.6518424336609688,0.43325152673934136,0.003173893193074019,-0.003169184399489085,1.0229115654302898,7,7591,7432
1538,1.0229115654302898,0.4068936651756643,0.309706191739181,0.445004578349103,0.6959618098495577,-0.4751243180039165,0.6518424336609688,0.43325152673934136,0.003173893193074019,-0.003169184399489085,1.0229115654302898,7,7591,7432
1537,1.0229115654302898,0.4068936651756643,0.309706191739181,0.445004578349103,0.6959618098495577,-0.4751243180039165,0.6518424336609688,0.43325152673934136,0.003173893193074019,-0.003169184399489085,1.0229115654302898,7,7591,7432
1536,1.0229115654302898,0.4068936651756643,0.309706191739181,0.445004578349103,0.6959618098495577,-0.4751243180039165,0.6518424336609688,0.43325152673934136,0.003173893193074019,-0.003169184399489085,1.0229115654302898,7,7591,7432
1524,1.0221686385371485,0.38320138596221587,0.2985830808067753,0.4449566111674639,0.6710386435732733,-0.47171863217032356,0.6329685970491109,0.433651047314651,0.003171328641185377,-0.003169714929719251,1.0221686385371485,7,7598,7437
1525,1.0221686385371485,0.38320138596221587,0.2985830808067753,0.4449566111674639,0.6710386435732733,-0.47171863217032356,0.6329685970491109,0.433651047314651,0.003171328641185377,-0.003169714929719251,1.0221686385371485,7,7598,7437
1523,1.0221686385371485,0.38320138596221587,0.2985830808067753,0.4449566111674639,0.6710386435732733,-0.47171863217032356,0.6329685970491109,0.433651047314651,0.003171328641185377,-0.003169714929719251,1.0221686385371485,7,7598,7437
1540,1.0209426008089368,0.3437126574325162,0.2799963470081068,0.4450515482860768,0.6291323962053192,-0.4751243180039165,0.5893117577825153,0.43319445237144,0.0031712879624927986,-0.003171845291310025,1.0209426008089368,7,7590,7433
1541,1.0209426008089368,0.3437126574325162,0.2799963470081068,0.4450515482860768,0.6291323962053192,-0.4751243180039165,0.5893117577825153,0.43319445237144,0.0031712879624927986,-0.003171845291310025,1.0209426008089368,7,7590,7433
1542,1.0201586305343453,0.31935528007663616,0.26833562288598944,0.4450387305000062,0.6029489221859663,-0.4799614764487282,0.559077417778246,0.4330803036356372,0.003170876163053368,-0.0031726074419763,1.0201586305343453,7,7588,7434
1544,1.0188597895958105,0.2803003742629284,0.24887231064972481,0.44402619290101814,0.5604901571768384,-0.4799614764487285,0.5185255960356443,0.4329090805319331,0.003165967518700482,-0.003170906852609809,1.0188597895958105,7,7585,7433
1547,1.0188597895958105,0.2803003742629284,0.24887231064972481,0.44402619290101814,0.5604901571768384,-0.4799614764487285,0.5185255960356443,0.4329090805319331,0.003165967518700482,-0.003170906852609809,1.0188597895958105,7,7585,7433
1548,1.0188597895958105,0.2803003742629284,0.24887231064972481,0.44402619290101814,0.5604901571768384,-0.4799614764487285,0.5185255960356443,0.4329090805319331,0.003165967518700482,-0.003170906852609809,1.0188597895958105,7,7585,7433
1545,1.0188597895958105,0.2803003742629284,0.24887231064972481,0.44402619290101814,0.5604901571768384,-0.4799614764487285,0.5185255960356443,0.4329090805319331,0.003165967518700482,-0.003170906852609809,1.0188597895958105,7,7585,7433
1546,1.0188597895958105,0.2803003742629284,0.24887231064972481,0.44402619290101814,0.5604901571768384,-0.4799614764487285,0.5185255960356443,0.4329090805319331,0.003165967518700482,-0.003170906852609809,1.0188597895958105,7,7585,7433
1543,1.0188597895958105,0.2803003742629284,0.24887231064972481,0.44402619290101814,0.5604901571768384,-0.4799614764487285,0.5185255960356443,0.4329090805319331,0.003165967518700482,-0.003170906852609809,1.0188597895958105,7,7585,7433
1552,1.0188597895958105,0.2803003742629284,0.24887231064972481,0.44402619290101814,0.5604901571768384,-0.4799614764487285,0.5185255960356443,0.4329090805319331,0.003165967518700482,-0.003170906852609809,1.0188597895958105,7,7585,7433
1553,1.0188597895958105,0.2803003742629284,0.24887231064972481,0.44402619290101814,0.5604901571768384,-0.4799614764487285,0.5185255960356443,0.4329090805319331,0.003165967518700482,-0.003170906852609809,1.0188597895958105,7,7585,7433
1554,1.0188597895958105,0.2803003742629284,0.24887231064972481,0.44402619290101814,0.5604901571768384,-0.4799614764487285,0.5185255960356443,0.4329090805319331,0.003165967518700482,-0.003170906852609809,1.0188597895958105,7,7585,7433
1555,1.0188597895958105,0.2803003742629284,0.24887231064972481,0.44402619290101814,0.5604901571768384,-0.4799614764487285,0.5185255960356443,0.4329090805319331,0.003165967518700482,-0.003170906852609809,1.0188597895958105,7,7585,7433
1556,1.0188597895958105,0.2803003742629284,0.24887231064972481,0.44402619290101814,0.5604901571768384,-0.4799614764487285,0.5185255960356443,0.4329090805319331,0.003165967518700482,-0.003170906852609809,1.0188597895958105,7,7585,7433
1557,1.0188597895958105,0.2803003742629284,0.24887231064972481,0.44402619290101814,0.5604901571768384,-0.4799614764487285,0.5185255960356443,0.4329090805319331,0.003165967518700482,-0.003170906852609809,1.0188597895958105,7,7585,7433
1558,1.0188597895958105,0.2803003742629284,0.24887231064972481,0.44402619290101814,0.5604901571768384,-0.4799614764487285,0.5185255960356443,0.4329090805319331,0.003165967518700482,-0.003170906852609809,1.0188597895958105,7,7585,7433
1559,1.0188597895958105,0.2803003742629284,0.24887231064972481,0.44402619290101814,0.5604901571768384,-0.4799614764487285,0.5185255960356443,0.4329090805319331,0.003165967518700482,-0.003170906852609809,1.0188597895958105,7,7585,7433
1550,1.0188597895958105,0.2803003742629284,0.24887231064972481,0.44402619290101814,0.5604901571768384,-0.4799614764487285,0.5185255960356443,0.4329090805319331,0.003165967518700482,-0.003170906852609809,1.0188597895958105,7,7585,7433
1549,1.0188597895958105,0.2803003742629284,0.24887231064972481,0.44402619290101814,0.5604901571768384,-0.4799614764487285,0.5185255960356443,0.4329090805319331,0.003165967518700482,-0.003170906852609809,1.0188597895958105,7,7585,7433
1551,1.0188597895958105,0.2803003742629284,0.24887231064972481,0.44402619290101814,0.5604901571768384,-0.4799614764487285,0.5185255960356443,0.4329090805319331,0.003165967518700482,-0.003170906852609809,1.0188597895958105,7,7585,7433
1560,1.01876896803425,0.277519250771181,0.24750600737854644,0.4440095191834302,0.5574340114007696,-0.47996147644872655,0.5156789024191342,0.43285200616403174,0.003165753223249225,-0.0031709834349517643,1.01876896803425,7,7584,7432
1561,1.018529507375589,0.2704349359973275,0.24402344575939838,0.4439756567529728,0.5496324900875648,-0.4828452815993333,0.505386414776835,0.4327949317961304,0.0031658020166788984,-0.003170932953209681,1.018529507375589,7,7583,7433
1562,1.0181642266830488,0.25959049217215524,0.23868018190887774,0.4439341556295557,0.5376477094230305,-0.48284528159933576,0.4943202118871158,0.43273785742822896,0.0031650840402119083,-0.003170932953209681,1.0181642266830488,7,7582,7433
1564,1.0177351406925141,0.24649499399498054,0.2320451191878805,0.44360533477641845,0.5230891087115388,-0.4828452815993344,0.48057862017264535,0.43216711374921524,0.0031631582449799223,-0.0031699965603453092,1.0177351406925141,7,7572,7424
1563,1.0177351406925141,0.24649499399498054,0.2320451191878805,0.44360533477641845,0.5230891087115388,-0.4828452815993344,0.48057862017264535,0.43216711374921524,0.0031631582449799223,-0.0031699965603453092,1.0177351406925141,7,7572,7424
1568,1.0177351406925141,0.24649499399498054,0.2320451191878805,0.44360533477641845,0.5230891087115388,-0.4828452815993344,0.48057862017264535,0.43216711374921524,0.0031631582449799223,-0.0031699965603453092,1.0177351406925141,7,7572,7424
1569,1.0177351406925141,0.24649499399498054,0.2320451191878805,0.44360533477641845,0.5230891087115388,-0.4828452815993344,0.48057862017264535,0.43216711374921524,0.0031631582449799223,-0.0031699965603453092,1.0177351406925141,7,7572,7424
1566,1.0177351406925141,0.24649499399498054,0.2320451191878805,0.44360533477641845,0.5230891087115388,-0.4828452815993344,0.48057862017264535,0.43216711374921524,0.0031631582449799223,-0.0031699965603453092,1.0177351406925141,7,7572,7424
1567,1.0177351406925141,0.24649499399498054,0.2320451191878805,0.44360533477641845,0.5230891087115388,-0.4828452815993344,0.48057862017264535,0.43216711374921524,0.0031631582449799223,-0.0031699965603453092,1.0177351406925141,7,7572,7424
1565,1.0177351406925141,0.24649499399498054,0.2320451191878805,0.44360533477641845,0.5230891087115388,-0.4828452815993344,0.48057862017264535,0.43216711374921524,0.0031631582449799223,-0.0031699965603453092,1.0177351406925141,7,7572,7424
1583,1.016527958346583,0.21169396895464865,0.21474442153663986,0.4436348920949946,0.48405665416113636,-0.4927771714939548,0.43578402969763846,0.43211003938131387,0.0031608313872571983,-0.0031714347974594118,1.016527958346583,7,7571,7423
1582,1.016527958346583,0.21169396895464865,0.21474442153663986,0.4436348920949946,0.48405665416113636,-0.4927771714939548,0.43578402969763846,0.43211003938131387,0.0031608313872571983,-0.0031714347974594118,1.016527958346583,7,7571,7423
1572,1.0165262989070496,0.21172546279383897,0.2147869583681854,0.4436845335760606,0.48409836745270407,-0.49277717149395595,0.4358703503188151,0.43216711374921524,0.003161295078242643,-0.003171896869953967,1.0165262989070496,7,7572,7424
1575,1.0165262989070496,0.21172546279383897,0.2147869583681854,0.4436845335760606,0.48409836745270407,-0.49277717149395595,0.4358703503188151,0.43216711374921524,0.003161295078242643,-0.003171896869953967,1.0165262989070496,7,7572,7424
1574,1.0165262989070496,0.21172546279383897,0.2147869583681854,0.4436845335760606,0.48409836745270407,-0.49277717149395595,0.4358703503188151,0.43216711374921524,0.003161295078242643,-0.003171896869953967,1.0165262989070496,7,7572,7424
1576,1.0165262989070496,0.21172546279383897,0.2147869583681854,0.4436845335760606,0.48409836745270407,-0.49277717149395595,0.4358703503188151,0.43216711374921524,0.003161295078242643,-0.003171896869953967,1.0165262989070496,7,7572,7424
1577,1.0165262989070496,0.21172546279383897,0.2147869583681854,0.4436845335760606,0.48409836745270407,-0.49277717149395595,0.4358703503188151,0.43216711374921524,0.003161295078242643,-0.003171896869953967,1.0165262989070496,7,7572,7424
1579,1.0165262989070496,0.21172546279383897,0.2147869583681854,0.4436845335760606,0.48409836745270407,-0.49277717149395595,0.4358703503188151,0.43216711374921524,0.003161295078242643,-0.003171896869953967,1.0165262989070496,7,7572,7424
1573,1.0165262989070496,0.21172546279383897,0.2147869583681854,0.4436845335760606,0.48409836745270407,-0.49277717149395595,0.4358703503188151,0.43216711374921524,0.003161295078242643,-0.003171896869953967,1.0165262989070496,7,7572,7424
1570,1.0165262989070496,0.21172546279383897,0.2147869583681854,0.4436845335760606,0.48409836745270407,-0.49277717149395595,0.4358703503188151,0.43216711374921524,0.003161295078242643,-0.003171896869953967,1.0165262989070496,7,7572,7424
1571,1.0165262989070496,0.21172546279383897,0.2147869583681854,0.4436845335760606,0.48409836745270407,-0.49277717149395595,0.4358703503188151,0.43216711374921524,0.003161295078242643,-0.003171896869953967,1.0165262989070496,7,7572,7424
1581,1.0165262989070496,0.21172546279383897,0.2147869583681854,0.4436845335760606,0.48409836745270407,-0.49277717149395595,0.4358703503188151,0.43216711374921524,0.003161295078242643,-0.003171896869953967,1.0165262989070496,7,7572,7424
1578,1.0165262989070496,0.21172546279383897,0.2147869583681854,0.4436845335760606,0.48409836745270407,-0.49277717149395595,0.4358703503188151,0.43216711374921524,0.003161295078242643,-0.003171896869953967,1.0165262989070496,7,7572,7424
1580,1.0165262989070496,0.21172546279383897,0.2147869583681854,0.4436845335760606,0.48409836745270407,-0.49277717149395595,0.4358703503188151,0.43216711374921524,0.003161295078242643,-0.003171896869953967,1.0165262989070496,7,7572,7424
1424,1.0108493001758443,0.06028914205753533,0.13725188179063985,0.4455101998542814,0.3080779785413051,-0.5711889286754275,0.24029156536511212,0.4324524855887221,0.003163268507512423,-0.003179249056935765,1.0108493001758443,9,7577,7458
1427,1.0108493001758443,0.06028914205753533,0.13725188179063985,0.4455101998542814,0.3080779785413051,-0.5711889286754275,0.24029156536511212,0.4324524855887221,0.003163268507512423,-0.003179249056935765,1.0108493001758443,9,7577,7458
1425,1.0108493001758443,0.06028914205753533,0.13725188179063985,0.4455101998542814,0.3080779785413051,-0.5711889286754275,0.24029156536511212,0.4324524855887221,0.003163268507512423,-0.003179249056935765,1.0108493001758443,9,7577,7458
1426,1.0108493001758443,0.06028914205753533,0.13725188179063985,0.4455101998542814,0.3080779785413051,-0.5711889286754275,0.24029156536511212,0.4324524855887221,0.003163268507512423,-0.003179249056935765,1.0108493001758443,9,7577,7458
1428,1.0108493001758443,0.06028914205753533,0.13725188179063985,0.4455101998542814,0.3080779785413051,-0.5711889286754275,0.24029156536511212,0.4324524855887221,0.003163268507512423,-0.003179249056935765,1.0108493001758443,9,7577,7458
1400,1.0108493001758443,0.06028914205753533,0.13725188179063985,0.4455101998542814,0.3080779785413051,-0.5711889286754275,0.24029156536511212,0.4324524855887221,0.003163268507512423,-0.003179249056935765,1.0108493001758443,9,7577,7458
1401,1.0108493001758443,0.06028914205753533,0.13725188179063985,0.4455101998542814,0.3080779785413051,-0.5711889286754275,0.24029156536511212,0.4324524855887221,0.003163268507512423,-0.003179249056935765,1.0108493001758443,9,7577,7458
1402,1.0108493001758443,0.06028914205753533,0.13725188179063985,0.4455101998542814,0.3080779785413051,-0.5711889286754275,0.24029156536511212,0.4324524855887221,0.003163268507512423,-0.003179249056935765,1.0108493001758443,9,7577,7458
1403,1.0108493001758443,0.06028914205753533,0.13725188179063985,0.4455101998542814,0.3080779785413051,-0.5711889286754275,0.24029156536511212,0.4324524855887221,0.003163268507512423,-0.003179249056935765,1.0108493001758443,9,7577,7458
1404,1.0108493001758443,0.06028914205753533,0.13725188179063985,0.4455101998542814,0.3080779785413051,-0.5711889286754275,0.24029156536511212,0.4324524855887221,0.003163268507512423,-0.003179249056935765,1.0108493001758443,9,7577,7458
1413,1.0108493001758443,0.06028914205753533,0.13725188179063985,0.4455101998542814,0.3080779785413051,-0.5711889286754275,0.24029156536511212,0.4324524855887221,0.003163268507512423,-0.003179249056935765,1.0108493001758443,9,7577,7458
1414,1.0108493001758443,0.06028914205753533,0.13725188179063985,0.4455101998542814,0.3080779785413051,-0.5711889286754275,0.24029156536511212,0.4324524855887221,0.003163268507512423,-0.003179249056935765,1.0108493001758443,9,7577,7458
1415,1.0108493001758443,0.06028914205753533,0.13725188179063985,0.4455101998542814,0.3080779785413051,-0.5711889286754275,0.24029156536511212,0.4324524855887221,0.003163268507512423,-0.003179249056935765,1.0108493001758443,9,7577,7458
1408,1.0108493001758443,0.06028914205753533,0.13725188179063985,0.4455101998542814,0.3080779785413051,-0.5711889286754275,0.24029156536511212,0.4324524855887221,0.003163268507512423,-0.003179249056935765,1.0108493001758443,9,7577,7458
1409,1.0108493001758443,0.06028914205753533,0.13725188179063985,0.4455101998542814,0.3080779785413051,-0.5711889286754275,0.24029156536511212,0.4324524855887221,0.003163268507512423,-0.003179249056935765,1.0108493001758443,9,7577,7458
1410,1.0108493001758443,0.06028914205753533,0.13725188179063985,0.4455101998542814,0.3080779785413051,-0.5711889286754275,0.24029156536511212,0.4324524855887221,0.003163268507512423,-0.003179249056935765,1.0108493001758443,9,7577,7458
1411,1.0108493001758443,0.06028914205753533,0.13725188179063985,0.4455101998542814,0.3080779785413051,-0.5711889286754275,0.24029156536511212,0.4324524855887221,0.003163268507512423,-0.003179249056935765,1.0108493001758443,9,7577,7458
1412,1.0108493001758443,0.06028914205753533,0.13725188179063985,0.4455101998542814,0.3080779785413051,-0.5711889286754275,0.24029156536511212,0.4324524855887221,0.003163268507512423,-0.003179249056935765,1.0108493001758443,9,7577,7458
1421,1.0108493001758443,0.06028914205753533,0.13725188179063985,0.4455101998542814,0.3080779785413051,-0.5711889286754275,0.24029156536511212,0.4324524855887221,0.003163268507512423,-0.003179249056935765,1.0108493001758443,9,7577,7458
1422,1.0108493001758443,0.06028914205753533,0.13725188179063985,0.4455101998542814,0.3080779785413051,-0.5711889286754275,0.24029156536511212,0.4324524855887221,0.003163268507512423,-0.003179249056935765,1.0108493001758443,9,7577,7458
1423,1.0108493001758443,0.06028914205753533,0.13725188179063985,0.4455101998542814,0.3080779785413051,-0.5711889286754275,0.24029156536511212,0.4324524855887221,0.003163268507512423,-0.003179249056935765,1.0108493001758443,9,7577,7458
1416,1.0108493001758443,0.06028914205753533,0.13725188179063985,0.4455101998542814,0.3080779785413051,-0.5711889286754275,0.24029156536511212,0.4324524855887221,0.003163268507512423,-0.003179249056935765,1.0108493001758443,9,7577,7458
1417,1.0108493001758443,0.06028914205753533,0.13725188179063985,0.4455101998542814,0.3080779785413051,-0.5711889286754275,0.24029156536511212,0.4324524855887221,0.003163268507512423,-0.003179249056935765,1.0108493001758443,9,7577,7458
1418,1.0108493001758443,0.06028914205753533,0.13725188179063985,0.4455101998542814,0.3080779785413051,-0.5711889286754275,0.24029156536511212,0.4324524855887221,0.003163268507512423,-0.003179249056935765,1.0108493001758443,9,7577,7458
1419,1.0108493001758443,0.06028914205753533,0.13725188179063985,0.4455101998542814,0.3080779785413051,-0.5711889286754275,0.24029156536511212,0.4324524855887221,0.003163268507512423,-0.003179249056935765,1.0108493001758443,9,7577,7458
1420,1.0108493001758443,0.06028914205753533,0.13725188179063985,0.4455101998542814,0.3080779785413051,-0.5711889286754275,0.24029156536511212,0.4324524855887221,0.003163268507512423,-0.003179249056935765,1.0108493001758443,9,7577,7458
1405,1.0108493001758443,0.06028914205753533,0.13725188179063985,0.4455101998542814,0.3080779785413051,-0.5711889286754275,0.24029156536511212,0.4324524855887221,0.003163268507512423,-0.003179249056935765,1.0108493001758443,9,7577,7458
1406,1.0108493001758443,0.06028914205753533,0.13725188179063985,0.4455101998542814,0.3080779785413051,-0.5711889286754275,0.24029156536511212,0.4324524855887221,0.003163268507512423,-0.003179249056935765,1.0108493001758443,9,7577,7458
1407,1.0108493001758443,0.06028914205753533,0.13725188179063985,0.4455101998542814,0.3080779785413051,-0.5711889286754275,0.24029156536511212,0.4324524855887221,0.003163268507512423,-0.003179249056935765,1.0108493001758443,9,7577,7458
