timestamp,1,2,3,4,5,6,7,8,9,10,11,12,13,14,15,16,17,18,19,20,21,22,23,24,25,26,27,28,29,30,31,32,33,34,35,36,37,38,39,40
25/09/2022,BTC,ETH,XRP,ADA,SOL,DOGE,DOT,MATIC,SHIB,TRX,AVAX,UNI,ATOM,ETC,LINK,LTC,XLM,CRO,NEAR,ALGO,XMR,BCH,APE,FLOW,FIL,VET,ICP,CHZ,QNT,HBAR,XTZ,,,,,,,,,
30/10/2022,BTC,ETH,XRP,DOGE,ADA,SOL,MATIC,DOT,SHIB,TRX,AVAX,UNI,ATOM,LTC,LINK,ETC,CRO,XLM,XMR,NEAR,ALGO,BCH,QNT,FLOW,VET,FIL,1000LUNC,APE,ICP,HBAR,EGLD,,,,,,,,,
27/11/2022,BTC,ETH,XRP,DOGE,ADA,MATIC,DOT,LTC,SOL,SHIB,TRX,UNI,AVAX,LINK,ATOM,ETC,XMR,BCH,TON,ALGO,CRO,FIL,QNT,APE,VET,NEAR,FLOW,HBAR,ICP,CHZ,,,,,,,,,,
25/12/2022,BTC,ETH,XRP,DOGE,ADA,MATIC,DOT,TRX,LTC,SHIB,SOL,UNI,AVAX,LINK,TON,XMR,ATOM,ETC,BCH,XLM,CRO,APE,QNT,ALGO,VET,NEAR,HBAR,ICP,FIL,EOS,1000LUNC,,,,,,,,,
29/01/2023,BTC,ETH,XRP,ADA,DOGE,MATIC,SOL,DOT,LTC,SHIB,AVAX,TRX,UNI,ATOM,LINK,XMR,ETC,TON,APT,BCH,XLM,APE,NEAR,CRO,FIL,LDO,ALGO,QNT,VET,ICP,HBAR,,,,,,,,,
26/02/2023,BTC,ETH,XRP,ADA,MATIC,DOGE,SOL,DOT,SHIB,LTC,TRX,AVAX,UNI,LINK,ATOM,ETC,TON,XMR,FIL,BCH,LDO,XLM,VET,APT,NEAR,CRO,HBAR,APE,ALGO,ICP,QNT,GRT,,,,,,,,
26/03/2023,BTC,ETH,XRP,ADA,DOGE,MATIC,SOL,DOT,LTC,SHIB,TRX,AVAX,LINK,UNI,ATOM,XMR,ETC,TON,XLM,BCH,FIL,APT,ICP,HBAR,LDO,NEAR,CRO,VET,ARB,ALGO,APE,,,,,,,,,
30/04/2023,BTC,ETH,XRP,ADA,DOGE,MATIC,SOL,DOT,LTC,TRX,SHIB,AVAX,LINK,ATOM,UNI,XMR,ICP,ETC,TON,XLM,FIL,BCH,HBAR,APT,CRO,LDO,ARB,NEAR,VET,APE,QNT,,,,,,,,,
28/05/2023,BTC,ETH,XRP,ADA,DOGE,MATIC,SOL,TRX,LTC,DOT,SHIB,AVAX,LINK,ATOM,UNI,XMR,ETC,XLM,TON,BCH,ICP,FIL,LDO,APT,HBAR,ARB,CRO,NEAR,VET,QNT,APE,,,,,,,,,
25/06/2023,BTC,ETH,XRP,ADA,DOGE,SOL,TRX,LTC,DOT,MATIC,TON,SHIB,AVAX,BCH,LINK,ATOM,UNI,XMR,ETC,XLM,ICP,FIL,LDO,HBAR,APT,CRO,ARB,VET,NEAR,QNT,ALGO,,,,,,,,,
30/07/2023,BTC,ETH,XRP,ADA,DOGE,SOL,TRX,LTC,MATIC,DOT,BCH,SHIB,AVAX,XLM,TON,LINK,UNI,ATOM,XMR,ETC,FIL,ICP,HBAR,MNT,LDO,APT,CRO,ARB,VET,QNT,NEAR,,,,,,,,,
27/08/2023,BTC,ETH,XRP,ADA,DOGE,SOL,TRX,DOT,TON,MATIC,LTC,SHIB,BCH,AVAX,XLM,LINK,UNI,XMR,ATOM,ETC,HBAR,ICP,FIL,MNT,LDO,APT,CRO,QNT,ARB,VET,NEAR,,,,,,,,,
24/09/2023,BTC,ETH,XRP,DOGE,ADA,SOL,TON,TRX,DOT,MATIC,LTC,SHIB,BCH,LINK,XLM,AVAX,XMR,ATOM,UNI,ETC,HBAR,FIL,LDO,ICP,MNT,CRO,APT,MKR,VET,QNT,NEAR,,,,,,,,,
29/10/2023,BTC,ETH,XRP,SOL,ADA,DOGE,TRX,TON,LINK,MATIC,DOT,LTC,BCH,SHIB,AVAX,XLM,XMR,ATOM,UNI,ETC,ICP,HBAR,FIL,APT,LDO,CRO,MKR,VET,QNT,NEAR,OP,,,,,,,,,
26/11/2023,BTC,ETH,XRP,SOL,ADA,DOGE,TRX,TON,LINK,AVAX,MATIC,DOT,LTC,SHIB,BCH,ATOM,UNI,XLM,XMR,KAS,ETC,CRO,LDO,FIL,HBAR,ICP,APT,NEAR,RUNE,IMX,VET,,,,,,,,,
31/12/2023,BTC,ETH,SOL,XRP,ADA,AVAX,DOGE,DOT,TRX,MATIC,LINK,TON,ICP,SHIB,LTC,BCH,UNI,ATOM,NEAR,XLM,OP,FIL,ETC,XMR,INJ,HBAR,APT,IMX,CRO,VET,KAS,LDO,STX,,,,,,,
28/01/2024,BTC,ETH,SOL,XRP,ADA,AVAX,DOGE,DOT,TRX,LINK,TIA,ARB,POL,ICP,TON,SHIB,LTC,APT,BCH,OP,SUI,ATOM,INJ,UNI,ETC,XLM,NEAR,IMX,FIL,XMR,TAO,LDO,HBAR,,,,,,
25/02/2024,BTC,ETH,SOL,XRP,ADA,AVAX,DOGE,TRX,LINK,DOT,MATIC,TON,UNI,ICP,SHIB,BCH,LTC,IMX,FIL,ATOM,ETC,KAS,NEAR,STX,OP,HBAR,APT,INJ,XLM,VET,LDO,MNT,TIA,,,,,,,
31/03/2024,BTC,ETH,SOL,XRP,DOGE,ADA,AVAX,TON,SHIB,DOT,BCH,LINK,TRX,MATIC,ICP,LTC,UNI,NEAR,APT,FIL,STX,ETC,ATOM,WIF,ARB,IMX,MNT,CRO,XLM,RENDER,HBAR,GRT,OP,1000PEPE,,,,,,
28/04/2024,BTC,ETH,SOL,XRP,DOGE,TON,ADA,SHIB,AVAX,TRX,DOT,BCH,LINK,NEAR,MATIC,ICP,LTC,UNI,ETC,APT,HBAR,STX,MNT,CRO,XLM,FIL,ATOM,RENDER,IMX,1000PEPE,ARB,VET,MKR,,,,,,,
26/05/2024,BTC,ETH,SOL,XRP,DOGE,TON,ADA,AVAX,SHIB,DOT,LINK,TRX,BCH,NEAR,MATIC,1000PEPE,UNI,LTC,ICP,ETC,APT,RENDER,HBAR,IMX,MNT,KAS,ATOM,FIL,ARB,CRO,XLM,GRT,TAO,WIF,,,,,,
30/06/2024,BTC,ETH,SOL,XRP,TON,DOGE,ADA,AVAX,TRX,SHIB,DOT,LINK,BCH,NEAR,LTC,UNI,MATIC,1000PEPE,KAS,ICP,ETC,APT,XMR,RENDER,HBAR,XLM,ATOM,ARB,MNT,FIL,STX,CRO,IMX,MKR,,,,,,
28/07/2024,BTC,ETH,SOL,XRP,DOGE,TON,ADA,TRX,AVAX,SHIB,DOT,BCH,LINK,NEAR,LTC,MATIC,1000PEPE,KAS,UNI,ICP,ETC,APT,FET,XMR,STX,MNT,FIL,RENDER,MKR,ATOM,HBAR,WIF,TAO,,,,,,,
25/08/2024,BTC,ETH,SOL,XRP,DOGE,TON,TRX,ADA,AVAX,SHIB,LINK,DOT,BCH,NEAR,MATIC,LTC,KAS,ICP,UNI,1000PEPE,APT,FET,XMR,ETC,XLM,STX,SUI,TAO,RENDER,FIL,IMX,CRO,INJ,,,,,,,
29/09/2024,BTC,ETH,SOL,XRP,DOGE,TON,ADA,TRX,AVAX,SHIB,LINK,DOT,BCH,NEAR,LTC,SUI,1000PEPE,ICP,UNI,TAO,FET,APT,KAS,RENDER,POL,ETC,XLM,STX,IMX,XMR,WIF,AAVE,FIL,,,,,,,
27/10/2024,BTC,ETH,SOL,XRP,DOGE,TRX,TON,ADA,AVAX,SHIB,BCH,LINK,DOT,LTC,NEAR,SUI,APT,UNI,1000PEPE,TAO,ICP,FET,KAS,XMR,XLM,ETC,STX,POL,RENDER,WIF,AAVE,IMX,FIL,,,,,,,
24/11/2024,BTC,ETH,SOL,XRP,DOGE,ADA,TRX,AVAX,XLM,TON,SHIB,DOT,LINK,BCH,SUI,1000PEPE,NEAR,LTC,APT,UNI,HBAR,ICP,CRO,POL,RENDER,TAO,KAS,FET,VET,1000BONK,ARB,FIL,ATOM,TIA,,,,,,
29/12/2024,BTC,ETH,XRP,SOL,DOGE,ADA,TRX,AVAX,TON,LINK,SHIB,SUI,HBAR,DOT,XLM,HYPE,BCH,UNI,1000PEPE,LTC,NEAR,AAVE,APT,ICP,POL,CRO,ETC,VET,VIRTUAL,XMR,RENDER,OM,,,,,,
26/01/2025,BTC,ETH,XRP,SOL,DOGE,ADA,TRX,LINK,AVAX,XLM,HBAR,TON,SUI,SHIB,DOT,LTC,BCH,HYPE,UNI,1000PEPE,NEAR,TRUMP,AAVE,OM,APT,ONDO,ICP,XMR,ETC,MNT,POL,VET,CRO,,,,,,,
23/02/2025,BTC,ETH,XRP,SOL,DOGE,ADA,TRX,LINK,SUI,AVAX,XLM,LTC,TON,SHIB,HBAR,OM,HYPE,DOT,BCH,UNI,XMR,NEAR,1000PEPE,AAVE,TAO,APT,ONDO,ICP,TRUMP,ETC,MNT,VET,,,,,,,,
30/03/2025,BTC,ETH,XRP,SOL,DOGE,ADA,TRX,TON,LINK,XLM,AVAX,SUI,SHIB,HBAR,LTC,DOT,OM,BCH,HYPE,XMR,UNI,APT,NEAR,1000PEPE,CRO,MNT,ICP,ONDO,ETC,AAVE,,,,,,,,,
27/04/2025,BTC,ETH,XRP,SOL,DOGE,ADA,TRX,SUI,LINK,AVAX,XLM,TON,HBAR,SHIB,BCH,LTC,DOT,HYPE,XMR,1000PEPE,UNI,APT,TAO,NEAR,ONDO,TRUMP,ICP,AAVE,KAS,ETC,,,,,,,,
25/05/2025,BTC,ETH,XRP,SOL,DOGE,ADA,TRX,HYPE,SUI,LINK,AVAX,XLM,SHIB,BCH,HBAR,XMR,TON,LTC,DOT,1000PEPE,AAVE,UNI,TAO,NEAR,APT,ONDO,ICP,KAS,ETC,CRO,,,,,,,,,
29/06/2025,BTC,ETH,XRP,SOL,TRX,DOGE,ADA,HYPE,BCH,SUI,LINK,AVAX,XLM,TON,SHIB,LTC,HBAR,XMR,DOT,UNI,1000PEPE,AAVE,APT,TAO,NEAR,ICP,ETC,CRO,ONDO,KAS,,,,,,,,,
27/07/2025,BTC,ETH,XRP,SOL,DOGE,TRX,ADA,SUI,HYPE,XLM,LINK,HBAR,BCH,AVAX,LTC,TON,SHIB,UNI,DOT,XMR,1000PEPE,CRO,AAVE,ENA,TAO,NEAR,ETC,ONDO,APT,ICP,MNT,,,,,,,,
31/08/2025,BTC,ETH,XRP,SOL,TRX,DOGE,ADA,LINK,HYPE,SUI,XLM,BCH,AVAX,CRO,HBAR,LTC,TON,SHIB,UNI,DOT,XMR,AAVE,ENA,1000PEPE,MNT,ETC,TAO,NEAR,APT,POL,ONDO,,,,,,,,
28/09/2025,BTC,ETH,XRP,SOL,DOGE,TRX,ADA,HYPE,LINK,AVAX,XLM,SUI,BCH,HBAR,LTC,SHIB,TON,CRO,DOT,MNT,WLFI,XMR,UNI,AAVE,ENA,1000PEPE,NEAR,MYX,ASTER,TAO,APT,IP,,,,,,,,
26/10/2025,BTC,ETH,XRP,SOL,DOGE,TRX,ADA,HYPE,LINK,BCH,XLM,SUI,AVAX,HBAR,LTC,XMR,SHIB,MNT,TON,CRO,ZEC,DOT,UNI,TAO,WLFI,AAVE,ENA,1000PEPE,NEAR,APT